date,team1,team2,team1_score,team2_score,spreads_json
20061031,Chicago,Miami,108,66,"{""19"": [""+4.5 -110"", ""-4.5 -110""], ""93"": [""+4.5 -110"", ""-4.5 -110""], ""238"": [""+4.5 -110"", ""-4.5 +100""]}"
20061031,Phoenix,L.A. Lakers,106,114,"{""19"": [""-8 -110"", ""+8 -110""], ""93"": [""-8 -110"", ""+8 -110""], ""238"": [""-8 +100"", ""+8 -110""]}"
20061101,Toronto,Brooklyn,92,102,"{""19"": [""+7 -110"", ""-7 -110""], ""93"": [""+7.5 -110"", ""-7.5 -110""], ""238"": [""+7 -105"", ""-7 -105""]}"
20061101,L.A. Lakers,Golden State,110,98,"{""19"": [""+7.5 -110"", ""-7.5 -110""], ""93"": [""+7.5 -110"", ""-7.5 -110""], ""238"": [""+7 +103"", ""-7 -113""]}"
20061101,L.A. Clippers,Phoenix,104,112,"{""19"": [""+4.5 -110"", ""-4.5 -110""], ""93"": [""+4.5 -110"", ""-4.5 -110""], ""238"": [""+4.5 -108"", ""-4.5 -102""]}"
20061101,Washington,Cleveland,94,97,"{""19"": [""+6 -110"", ""-6 -110""], ""93"": [""+6 -110"", ""-6 -110""], ""238"": [""+6 -103"", ""-6 -107""]}"
20061101,Atlanta,Philadelphia,75,88,"{""19"": [""+5.5 -110"", ""-5.5 -110""], ""93"": [""+5.5 -110"", ""-5.5 -110""], ""238"": [""+5.5 -102"", ""-5.5 -108""]}"
20061101,Milwaukee,Detroit,105,97,"{""19"": [""+6.5 -110"", ""-6.5 -110""], ""93"": [""+6.5 -110"", ""-6.5 -110""], ""238"": [""+6.5 -110"", ""-6.5 +100""]}"
20061101,Indiana,Charlotte,106,99,"{""19"": [""-1 -110"", ""+1 -110""], ""93"": [""-1 -110"", ""+1 -110""], ""238"": [""-1 -102"", ""+1 -108""]}"
20061101,Sacramento,Minnesota,83,92,"{""19"": [""+5 -110"", ""-5 -110""], ""93"": [""+4 -110"", ""-4 -110""], ""238"": [""+5 -102"", ""-5 -108""]}"
20061101,New Orleans,Boston,91,87,"{""19"": [""+3 -110"", ""-3 -110""], ""93"": [""+3 -110"", ""-3 -110""], ""238"": [""+3 -105"", ""-3 -105""]}"
20061101,New York,Memphis,89,89,"{""19"": [""+4.5 -110"", ""-4.5 -110""], ""93"": [""+5 -110"", ""-5 -110""], ""238"": [""+5 -101"", ""-5 -109""]}"
20061101,Houston,Utah,97,107,"{""19"": [""-1.5 -110"", ""+1.5 -110""], ""93"": [""-1.5 -110"", ""+1.5 -110""], ""238"": [""-1.5 -111"", ""+1.5 +101""]}"
20061101,Chicago,Orlando,94,109,"{""19"": [""-1.5 -110"", ""+1.5 -110""], ""93"": [""-1 -110"", ""+1 -110""], ""238"": [""-1.5 -107"", ""+1.5 -103""]}"
20061102,San Antonio,Dallas,97,91,"{""19"": [""+2.5 -110"", ""-2.5 -110""], ""93"": [""+2.5 -110"", ""-2.5 -110""], ""238"": [""+2.5 -103"", ""-2.5 -107""]}"
20061102,Denver,L.A. Clippers,95,96,"{""19"": [""+4 -110"", ""-4 -110""], ""93"": [""+4.5 -110"", ""-4.5 -110""], ""238"": [""+4 -104"", ""-4 -106""]}"
20061103,Detroit,Boston,101,88,"{""19"": [""-1.5 -110"", ""+1.5 -110""], ""93"": [""-1.5 -110"", ""+1.5 -110""], ""238"": [""-1.5 -102"", ""+1.5 -108""]}"
20061103,Milwaukee,Toronto,92,109,"{""19"": [""-1 -110"", ""+1 -110""], ""93"": [""-1 -110"", ""+1 -110""], ""238"": [""-1 -109"", ""+1 -101""]}"
20061103,Utah,Phoenix,108,104,"{""19"": [""+7.5 -110"", ""-7.5 -110""], ""93"": [""+7.5 -110"", ""-7.5 -110""], ""238"": [""+7.5 -102"", ""-7.5 -108""]}"
20061103,New Orleans,Indiana,100,91,"{""19"": [""+4 -110"", ""-4 -110""], ""93"": [""+4.5 -110"", ""-4.5 -110""], ""238"": [""+4 -107"", ""-4 -103""]}"
20061103,Minnesota,Denver,112,109,"{""19"": [""+5.5 -110"", ""-5.5 -110""], ""93"": [""+5 -110"", ""-5 -110""], ""238"": [""+5 -107"", ""-5 -103""]}"
20061103,Brooklyn,Miami,85,91,"{""19"": [""+4.5 -110"", ""-4.5 -110""], ""93"": [""+4 -110"", ""-4 -110""], ""238"": [""+4.5 +102"", ""-4.5 -112""]}"
20061103,Cleveland,San Antonio,88,81,"{""19"": [""+5.5 -110"", ""-5.5 -110""], ""93"": [""+5.5 -110"", ""-5.5 -110""], ""238"": [""+5.5 -115"", ""-5.5 +105""]}"
20061103,New York,Atlanta,92,102,"{""19"": [""+3 -110"", ""-3 -110""], ""93"": [""+3 -110"", ""-3 -110""], ""238"": [""+2.5 +102"", ""-2.5 -112""]}"
20061103,Philadelphia,Orlando,105,103,"{""19"": [""+5 -110"", ""-5 -110""], ""93"": [""+5.5 -110"", ""-5.5 -110""], ""238"": [""+5 -104"", ""-5 -106""]}"
20061103,Sacramento,Chicago,89,88,"{""19"": [""+5.5 -110"", ""-5.5 -110""], ""93"": [""+5.5 -110"", ""-5.5 -110""], ""238"": [""+5.5 -111"", ""-5.5 +101""]}"
20061103,Portland,Golden State,89,102,"{""19"": [""+9.5 -110"", ""-9.5 -110""], ""93"": [""+9.5 -110"", ""-9.5 -110""], ""238"": [""+9.5 -102"", ""-9.5 -108""]}"
20061103,Charlotte,Memphis,83,96,"{""19"": [""+5 -110"", ""-5 -110""], ""93"": [""+4 -110"", ""-4 -110""], ""238"": [""+5 -113"", ""-5 +103""]}"
20061104,Boston,Washington,117,124,"{""19"": [""+7 -110"", ""-7 -110""], ""93"": [""+7 -110"", ""-7 -110""], ""238"": [""+7 -102"", ""-7 -108""]}"
20061104,Dallas,Houston,76,107,"{""19"": [""-1.5 -110"", ""+1.5 -110""], ""93"": [""-2 -110"", ""+2 -110""], ""238"": [""-2 +102"", ""+2 -112""]}"
20061104,Memphis,Detroit,86,95,"{""19"": [""+8 -110"", ""-8 -110""], ""93"": [""+8 -110"", ""-8 -110""], ""238"": [""+8 -106"", ""-8 -104""]}"
20061104,Golden State,Utah,82,106,"{""19"": [""+6.5 -110"", ""-6.5 -110""], ""93"": [""+6 -110"", ""-6 -110""], ""238"": [""+6 +102"", ""-6 -112""]}"
20061104,Cleveland,Charlotte,88,92,"{""19"": [""-4 -110"", ""+4 -110""], ""93"": [""-4 -110"", ""+4 -110""], ""238"": [""-4 -102"", ""+4 -108""]}"
20061104,Phoenix,L.A. Clippers,108,114,"{""19"": [""+4.5 -110"", ""-4.5 -110""], ""93"": [""+4 -110"", ""-4 -110""], ""238"": [""+4 +105"", ""-4 -115""]}"
20061104,Minnesota,Portland,86,88,"{""19"": [""-3.5 -110"", ""+3.5 -110""], ""93"": [""-3.5 -110"", ""+3.5 -110""], ""238"": [""-3.5 -101"", ""+3.5 -109""]}"
20061104,Sacramento,Milwaukee,91,104,"{""19"": [""+3 -110"", ""-3 -110""], ""93"": [""+2.5 -110"", ""-2.5 -110""], ""238"": [""+3 -112"", ""-3 +102""]}"
20061104,Indiana,New York,109,95,"{""19"": [""-3.5 -110"", ""+3.5 -110""], ""93"": [""-3 -110"", ""+3 -110""], ""238"": [""-3 -111"", ""+3 +101""]}"
20061105,Houston,New Orleans,90,96,"{""19"": [""+1 -110"", ""-1 -110""], ""93"": [""+1 -110"", ""-1 -110""], ""238"": [""+1.5 -114"", ""-1.5 +104""]}"
20061105,Orlando,Atlanta,82,95,"{""19"": [""-3.5 -110"", ""+3.5 -110""], ""93"": [""-4 -110"", ""+4 -110""], ""238"": [""-3.5 +101"", ""+3.5 -111""]}"
20061105,San Antonio,Toronto,103,94,"{""19"": [""-6 -110"", ""+6 -110""], ""93"": [""-6.5 -110"", ""+6.5 -110""], ""238"": [""-6.5 -101"", ""+6.5 -109""]}"
20061105,Miami,Philadelphia,98,107,"{""19"": [""-2.5 -110"", ""+2.5 -110""], ""93"": [""-2.5 -110"", ""+2.5 -110""], ""238"": [""-3 +101"", ""+3 -111""]}"
20061106,Portland,L.A. Clippers,89,102,"{""19"": [""+11 -110"", ""-11 -110""], ""93"": [""+11 -110"", ""-11 -110""], ""238"": [""+11 +100"", ""-11 -110""]}"
20061106,San Antonio,New York,105,93,"{""19"": [""-6.5 -110"", ""+6.5 -110""], ""93"": [""-6.5 -110"", ""+6.5 -110""], ""238"": [""-6.5 +102"", ""+6.5 -112""]}"
20061106,Washington,Orlando,103,106,"{""19"": [""+3.5 -110"", ""-3.5 -110""], ""93"": [""+3.5 -110"", ""-3.5 -110""], ""238"": [""+3.5 -103"", ""-3.5 -107""]}"
20061106,Minnesota,Sacramento,81,93,"{""19"": [""+5 -110"", ""-5 -110""], ""93"": [""+4.5 -110"", ""-4.5 -110""], ""238"": [""+5 -106"", ""-5 -104""]}"
20061106,Golden State,Dallas,107,104,"{""19"": [""+9.5 -110"", ""-9.5 -110""], ""93"": [""+9.5 -110"", ""-9.5 -110""], ""238"": [""+9.5 -101"", ""-9.5 -109""]}"
20061106,Milwaukee,Chicago,85,110,"{""19"": [""+6 -110"", ""-6 -110""], ""93"": [""+6 -110"", ""-6 -110""], ""238"": [""+6.5 -109"", ""-6.5 -101""]}"
20061106,Detroit,Utah,101,103,"{""19"": [""+4.5 -110"", ""-4.5 -110""], ""93"": [""+4 -110"", ""-4 -110""], ""238"": [""+4.5 -101"", ""-4.5 -109""]}"
20061107,Houston,Memphis,86,80,"{""19"": [""-4 -110"", ""+4 -110""], ""93"": [""-4.5 -110"", ""+4.5 -110""], ""238"": [""-4.5 -105"", ""+4.5 -105""]}"
20061107,Atlanta,Cleveland,90,90,"{""19"": [""+10.5 -110"", ""-10.5 -110""], ""93"": [""+10.5 -110"", ""-10.5 -110""], ""238"": [""+10.5 -107"", ""-10.5 -103""]}"
20061107,Minnesota,L.A. Lakers,88,95,"{""19"": [""+7.5 -110"", ""-7.5 -110""], ""93"": [""+7.5 -110"", ""-7.5 -110""], ""238"": [""+7.5 -110"", ""-7.5 +100""]}"
20061107,Golden State,New Orleans,93,97,"{""19"": [""+7 -110"", ""-7 -110""], ""93"": [""+7.5 -110"", ""-7.5 -110""], ""238"": [""+7.5 -112"", ""-7.5 +102""]}"
20061107,Philadelphia,Indiana,86,97,"{""19"": [""+4.5 -110"", ""-4.5 -110""], ""93"": [""+4.5 -110"", ""-4.5 -110""], ""238"": [""+4.5 -103"", ""-4.5 -107""]}"
20061108,Phoenix,San Antonio,106,111,"{""19"": [""+5.5 -110"", ""-5.5 -110""], ""93"": [""+5.5 -110"", ""-5.5 -110""], ""238"": [""+5.5 -104"", ""-5.5 -106""]}"
20061108,New York,Denver,109,107,"{""19"": [""+10.5 -110"", ""-10.5 -110""], ""93"": [""+10 -110"", ""-10 -110""], ""238"": [""+10.5 -114"", ""-10.5 +104""]}"
20061108,L.A. Lakers,Portland,90,101,"{""19"": [""-5 -110"", ""+5 -110""], ""93"": [""-4.5 -110"", ""+4.5 -110""], ""238"": [""-4.5 -113"", ""+4.5 +103""]}"
20061108,Houston,Milwaukee,97,93,"{""19"": [""+2.5 -110"", ""-2.5 -110""], ""93"": [""+2.5 -110"", ""-2.5 -110""], ""238"": [""+2.5 -104"", ""-2.5 -106""]}"
20061108,Dallas,L.A. Clippers,85,103,"{""19"": [""+2.5 -110"", ""-2.5 -110""], ""93"": [""+2 -110"", ""-2 -110""], ""238"": [""+2.5 -107"", ""-2.5 -103""]}"
20061108,Utah,Brooklyn,89,96,"{""19"": [""+4 -110"", ""-4 -110""], ""93"": [""+4 -110"", ""-4 -110""], ""238"": [""+4 -108"", ""-4 -102""]}"
20061108,Indiana,Washington,91,117,"{""19"": [""+6 -110"", ""-6 -110""], ""93"": [""+6.5 -110"", ""-6.5 -110""], ""238"": [""+5 +101"", ""-5 -111""]}"
20061108,Charlotte,Boston,100,100,"{""19"": [""+4.5 -110"", ""-4.5 -110""], ""93"": [""+5 -110"", ""-5 -110""], ""238"": [""+4.5 -101"", ""-4.5 -109""]}"
20061108,Detroit,Sacramento,86,99,"{""19"": [""+1.5 -110"", ""-1.5 -110""], ""93"": [""+1.5 -110"", ""-1.5 -110""], ""238"": [""+1.5 -104"", ""-1.5 -106""]}"
20061108,Philadelphia,Toronto,104,106,"{""19"": [""+2.5 -110"", ""-2.5 -110""], ""93"": [""+2.5 -110"", ""-2.5 -110""], ""238"": [""+3 -110"", ""-3 +100""]}"
20061109,New Orleans,Golden State,116,121,"{""19"": [""+1.5 -110"", ""-1.5 -110""], ""93"": [""+1.5 -110"", ""-1.5 -110""], ""238"": [""+1.5 +106"", ""-1.5 -116""]}"
20061109,Dallas,Phoenix,119,112,"{""19"": [""+6.5 -130"", ""-6.5 +110""], ""93"": [""+5 -110"", ""-5 -110""], ""238"": [""+5 -108"", ""-5 -102""]}"
20061109,Chicago,Cleveland,94,113,"{""19"": [""+4 -110"", ""-4 -110""], ""93"": [""+4 -110"", ""-4 -110""], ""238"": [""+4 -105"", ""-4 -105""]}"
20061110,Atlanta,Toronto,111,102,"{""19"": [""+3.5 -110"", ""-3.5 -110""], ""93"": [""+3.5 -110"", ""-3.5 -110""], ""238"": [""+4 -117"", ""-4 +107""]}"
20061110,Miami,Brooklyn,113,106,"{""19"": [""+3.5 -110"", ""-3.5 -110""], ""93"": [""+3.5 -110"", ""-3.5 -110""], ""238"": [""+4 -105"", ""-4 -105""]}"
20061110,Detroit,L.A. Lakers,97,83,"{""19"": [""+5 -110"", ""-5 -110""], ""93"": [""+5.5 -110"", ""-5.5 -110""], ""238"": [""+5.5 -101"", ""-5.5 -109""]}"
20061110,Utah,Boston,107,100,"{""19"": [""-3.5 -110"", ""+3.5 -110""], ""93"": [""-3.5 -110"", ""+3.5 -110""], ""238"": [""-3.5 +102"", ""+3.5 -112""]}"
20061110,Denver,Philadelphia,108,101,"{""19"": [""+1.5 -110"", ""-1.5 -110""], ""93"": [""+1 -110"", ""-1 -110""], ""238"": [""+2.5 -115"", ""-2.5 +105""]}"
20061110,New Orleans,Portland,91,92,"{""19"": [""-2.5 -110"", ""+2.5 -110""], ""93"": [""-2.5 -110"", ""+2.5 -110""], ""238"": [""-2.5 +104"", ""+2.5 -114""]}"
20061110,Milwaukee,Washington,111,116,"{""19"": [""+6 -110"", ""-6 -110""], ""93"": [""+6 -110"", ""-6 -110""], ""238"": [""+6 -113"", ""-6 +103""]}"
20061110,Orlando,Indiana,83,93,"{""19"": [""+5 -110"", ""-5 -110""], ""93"": [""+5 -110"", ""-5 -110""], ""238"": [""+5 -110"", ""-5 +100""]}"
20061110,New York,Houston,94,103,"{""19"": [""+10.5 -110"", ""-10.5 -110""], ""93"": [""+10.5 -110"", ""-10.5 -110""], ""238"": [""+10 -101"", ""-10 -109""]}"
20061111,Indiana,Chicago,80,89,"{""19"": [""+6.5 -110"", ""-6.5 -110""], ""93"": [""+6.5 -110"", ""-6.5 -110""], ""238"": [""+6.5 +100"", ""-6.5 -110""]}"
20061111,Utah,Milwaukee,113,111,"{""19"": [""+1.5 -110"", ""-1.5 -110""], ""93"": [""+1.5 -110"", ""-1.5 -110""], ""238"": [""+2 -101"", ""-2 -109""]}"
20061111,Memphis,Phoenix,87,96,"{""19"": [""+11 -110"", ""-11 -110""], ""93"": [""+11 -110"", ""-11 -110""], ""238"": [""+11 -102"", ""-11 -108""]}"
20061111,Detroit,Golden State,79,111,"{""19"": [""+3.5 -110"", ""-3.5 -110""], ""93"": [""+3.5 -110"", ""-3.5 -110""], ""238"": [""+3.5 -106"", ""-3.5 -104""]}"
20061111,Boston,Cleveland,93,94,"{""19"": [""+11 -110"", ""-11 -110""], ""93"": [""+11 -110"", ""-11 -110""], ""238"": [""+10.5 -103"", ""-10.5 -107""]}"
20061111,New York,San Antonio,92,100,"{""19"": [""+13 -110"", ""-13 -110""], ""93"": [""+13.5 -110"", ""-13.5 -110""], ""238"": [""+13 -107"", ""-13 -103""]}"
20061111,Orlando,Minnesota,109,98,"{""19"": [""+5 -110"", ""-5 -110""], ""93"": [""+4.5 -110"", ""-4.5 -110""], ""238"": [""+5 -125"", ""-5 +115""]}"
20061112,Memphis,L.A. Lakers,81,91,"{""19"": [""+9 -110"", ""-9 -110""], ""93"": [""+9 -110"", ""-9 -110""], ""238"": [""+9 -105"", ""-9 -105""]}"
20061112,New Orleans,L.A. Clippers,76,92,"{""19"": [""+5.5 -110"", ""-5.5 -110""], ""93"": [""+5.5 -110"", ""-5.5 -110""], ""238"": [""+5.5 -107"", ""-5.5 -103""]}"
20061112,Houston,Miami,94,72,"{""19"": [""+2.5 -110"", ""-2.5 -110""], ""93"": [""+2.5 -110"", ""-2.5 -110""], ""238"": [""+2 -102"", ""-2 -108""]}"
20061112,Denver,Charlotte,108,101,"{""19"": [""-3.5 -110"", ""+3.5 -110""], ""93"": [""-3.5 -110"", ""+3.5 -110""], ""238"": [""-3.5 -105"", ""+3.5 -105""]}"
20061112,Dallas,Portland,103,96,"{""19"": [""-6 -110"", ""+6 -110""], ""93"": [""-6 -110"", ""+6 -110""], ""238"": [""-6 -101"", ""+6 -109""]}"
20061112,Brooklyn,Washington,87,87,"{""19"": [""+5.5 -110"", ""-5.5 -110""], ""93"": [""+5.5 -110"", ""-5.5 -110""], ""238"": [""+6 +100"", ""-6 -110""]}"
20061112,Toronto,Sacramento,92,107,"{""19"": [""+7 -110"", ""-7 -110""], ""93"": [""+7 -110"", ""-7 -110""], ""238"": [""+7 -103"", ""-7 -107""]}"
20061113,Cleveland,New York,102,96,"{""19"": [""-5 -110"", ""+5 -110""], ""93"": [""-5 -110"", ""+5 -110""], ""238"": [""-5 -105"", ""+5 -105""]}"
20061113,Orlando,Boston,92,89,"{""19"": [""+1 -110"", ""-1 -110""], ""93"": [""+1 -110"", ""-1 -110""], ""238"": [""-1 +103"", ""+1 -113""]}"
20061114,L.A. Clippers,Utah,90,112,"{""19"": [""-1 -110"", ""+1 -110""], ""93"": [""-1 -110"", ""+1 -110""], ""238"": [""-1 -107"", ""+1 -103""]}"
20061114,Chicago,Dallas,99,111,"{""19"": [""+4 -110"", ""-4 -110""], ""93"": [""+4 -110"", ""-4 -110""], ""238"": [""+4 -108"", ""-4 -102""]}"
20061114,Portland,Minnesota,89,101,"{""19"": [""+9 -110"", ""-9 -110""], ""93"": [""+8.5 -110"", ""-8.5 -110""], ""238"": [""+8.5 +100"", ""-8.5 -110""]}"
20061114,Denver,Miami,112,105,"{""19"": [""+3 -110"", ""-3 -110""], ""93"": [""+3 -110"", ""-3 -110""], ""238"": [""+3 -103"", ""-3 -107""]}"
20061114,Toronto,Golden State,99,110,"{""19"": [""+6.5 -110"", ""-6.5 -110""], ""93"": [""+6 -110"", ""-6 -110""], ""238"": [""+6 -109"", ""-6 -101""]}"
20061114,San Antonio,Houston,92,84,"{""19"": [""+1 -110"", ""-1 -110""], ""238"": [""+1 -110"", ""-1 +100""]}"
20061114,Milwaukee,Atlanta,103,101,"{""19"": [""+1 -110"", ""-1 -110""], ""93"": [""+1.5 -110"", ""-1.5 -110""], ""238"": [""+1.5 -115"", ""-1.5 +105""]}"
20061114,Charlotte,New Orleans,85,94,"{""19"": [""+7 -110"", ""-7 -110""], ""93"": [""+7 -110"", ""-7 -110""], ""238"": [""+7 -110"", ""-7 +100""]}"
20061115,Portland,Cleveland,87,100,"{""19"": [""+12 -110"", ""-12 -110""], ""93"": [""+12 -110"", ""-12 -110""], ""238"": [""+12 -105"", ""-12 -105""]}"
20061115,Washington,New York,82,102,"{""19"": [""-3 -110"", ""+3 -110""], ""93"": [""-3 -110"", ""+3 -110""], ""238"": [""-3 +100"", ""+3 -110""]}"
20061115,Denver,Orlando,99,108,"{""19"": [""+5 -110"", ""-5 -110""], ""93"": [""+5 -110"", ""-5 -110""], ""238"": [""+5 +100"", ""-5 -110""]}"
20061115,Charlotte,San Antonio,83,83,"{""19"": [""+11.5 -110"", ""-11.5 -110""], ""93"": [""+11.5 -110"", ""-11.5 -110""], ""238"": [""+11.5 -104"", ""-11.5 -106""]}"
20061115,New Orleans,Detroit,100,99,"{""19"": [""+8 -110"", ""-8 -110""], ""93"": [""+8 -110"", ""-8 -110""], ""238"": [""+8 -102"", ""-8 -108""]}"
20061115,Indiana,Boston,88,114,"{""19"": [""-1.5 -110"", ""+1.5 -110""], ""93"": [""-1 -110"", ""+1 -110""], ""238"": [""-1.5 -102"", ""+1.5 -108""]}"
20061115,Memphis,Sacramento,111,115,"{""19"": [""+8.5 -110"", ""-8.5 -110""], ""93"": [""+8.5 -110"", ""-8.5 -110""], ""238"": [""+8.5 -103"", ""-8.5 -107""]}"
20061115,Milwaukee,Brooklyn,87,100,"{""19"": [""+5 -110"", ""-5 -110""], ""93"": [""+5 -110"", ""-5 -110""], ""238"": [""+5 +102"", ""-5 -112""]}"
20061116,Chicago,Houston,100,101,"{""19"": [""+4.5 -110"", ""-4.5 -110""], ""93"": [""+5 -110"", ""-5 -110""], ""238"": [""+5 -111"", ""-5 +101""]}"
20061116,Sacramento,Golden State,105,117,"{""19"": [""+5 -110"", ""-5 -110""], ""93"": [""+3.5 -110"", ""-3.5 -110""], ""238"": [""+5 -106"", ""-5 -104""]}"
20061117,Washington,Detroit,91,100,"{""19"": [""+4.5 -110"", ""-4.5 -110""], ""238"": [""+4.5 +100"", ""-4.5 -110""]}"
20061117,Toronto,L.A. Lakers,100,107,"{""19"": [""+7.5 -110"", ""-7.5 -110""], ""238"": [""+7.5 -105"", ""-7.5 -105""]}"
20061117,Chicago,San Antonio,83,100,"{""19"": [""+8 -110"", ""-8 -110""], ""238"": [""+8 -110"", ""-8 +100""]}"
20061117,Portland,Boston,90,118,"{""19"": [""+7 -110"", ""-7 -110""], ""238"": [""+7.5 -106"", ""-7.5 -104""]}"
20061117,New York,Miami,100,76,"{""19"": [""+8 -110"", ""-8 -110""], ""238"": [""+8 -107"", ""-8 -103""]}"
20061117,Philadelphia,Phoenix,94,106,"{""19"": [""+6 -110"", ""-6 -110""], ""238"": [""+6 -106"", ""-6 -104""]}"
20061117,Dallas,Memphis,115,103,"{""19"": [""-5 -110"", ""+5 -110""], ""238"": [""-5 +105"", ""+5 -115""]}"
20061117,Minnesota,Cleveland,76,92,"{""19"": [""+6.5 -110"", ""-6.5 -110""], ""238"": [""+6 +107"", ""-6 -117""]}"
20061117,Brooklyn,Indiana,100,91,"{""19"": [""+5 -110"", ""-5 -110""], ""238"": [""+5 -103"", ""-5 -107""]}"
20061118,Boston,New York,122,118,"{""19"": [""+1.5 -110"", ""-1.5 -110""], ""238"": [""+1.5 -105"", ""-1.5 -105""]}"
20061118,Charlotte,Orlando,83,97,"{""19"": [""+7.5 -110"", ""-7.5 -110""], ""238"": [""+7.5 -105"", ""-7.5 -105""]}"
20061118,New Orleans,Minnesota,99,96,"{""19"": [""+3 -110"", ""-3 -110""], ""238"": [""+3 +102"", ""-3 -112""]}"
20061118,Cleveland,Washington,99,111,"{""19"": [""+4 -110"", ""-4 -110""], ""238"": [""+4 +108"", ""-4 -118""]}"
20061118,Memphis,Dallas,84,89,"{""19"": [""+10 -110"", ""-10 -110""], ""238"": [""+10 -102"", ""-10 -108""]}"
20061118,Phoenix,Utah,117,120,"{""19"": [""+4.5 -110"", ""-4.5 -110""], ""238"": [""+4.5 -106"", ""-4.5 -104""]}"
20061118,Miami,Atlanta,74,74,"{""19"": [""+3 -110"", ""-3 -110""], ""238"": [""+3 +102"", ""-3 -112""]}"
20061118,Houston,Detroit,92,104,"{""238"": [""+1 +101"", ""-1 -111""]}"
20061118,Indiana,Milwaukee,102,100,"{""19"": [""+4 -110"", ""-4 -110""], ""238"": [""+4 -110"", ""-4 +100""]}"
20061118,Philadelphia,L.A. Clippers,90,90,"{""19"": [""+9 -110"", ""-9 -110""], ""238"": [""+9 -101"", ""-9 -109""]}"
20061118,Toronto,Denver,109,117,"{""19"": [""+10 -110"", ""-10 -110""], ""238"": [""+9.5 +102"", ""-9.5 -112""]}"
20061118,Portland,Brooklyn,86,68,"{""19"": [""+9 -110"", ""-9 -110""], ""238"": [""+9 -113"", ""-9 +103""]}"
20061119,Chicago,L.A. Lakers,72,82,"{""19"": [""+1.5 +107"", ""-1.5 -127""], ""238"": [""+3 -114"", ""-3 +104""]}"
20061119,San Antonio,Sacramento,108,99,"{""19"": [""-2.5 -110"", ""+2.5 -110""], ""238"": [""-2.5 -103"", ""+2.5 -107""]}"
20061120,San Antonio,Portland,107,98,"{""19"": [""-6.5 -110"", ""+6.5 -110""], ""93"": [""-6.5 -110"", ""+6.5 -110""], ""238"": [""-6 -106"", ""+6 -104""]}"
20061120,Toronto,Utah,96,101,"{""19"": [""+8.5 -110"", ""-8.5 -110""], ""93"": [""+9 -110"", ""-9 -110""], ""238"": [""+9 -121"", ""-9 +111""]}"
20061120,Dallas,Charlotte,93,85,"{""19"": [""-4 -110"", ""+4 -110""], ""93"": [""-4.5 -110"", ""+4.5 -110""], ""238"": [""-4 -103"", ""+4 -107""]}"
20061120,Phoenix,Golden State,113,110,"{""19"": [""-4 -110"", ""+4 -110""], ""93"": [""-2.5 -110"", ""+2.5 -110""], ""238"": [""-3.5 -116"", ""+3.5 +106""]}"
20061120,Orlando,Memphis,86,95,"{""19"": [""-3 -110"", ""+3 -110""], ""93"": [""-3.5 -110"", ""+3.5 -110""], ""238"": [""-3 +101"", ""+3 -111""]}"
20061120,Houston,New York,97,90,"{""19"": [""-4 -110"", ""+4 -110""], ""93"": [""-4.5 -110"", ""+4.5 -110""], ""238"": [""-4.5 +103"", ""+4.5 -113""]}"
20061121,Washington,Dallas,80,107,"{""19"": [""+5 -110"", ""-5 -110""], ""93"": [""+5 -110"", ""-5 -110""], ""238"": [""+5 -106"", ""-5 -104""]}"
20061121,Detroit,Philadelphia,97,87,"{""19"": [""-4.5 -110"", ""+4.5 -110""], ""93"": [""-4.5 -110"", ""+4.5 -110""], ""238"": [""-4 -105"", ""+4 -105""]}"
20061121,Milwaukee,Indiana,88,93,"{""19"": [""+4 -110"", ""-4 -110""], ""93"": [""+4.5 -110"", ""-4.5 -110""], ""238"": [""+4.5 +100"", ""-4.5 -110""]}"
20061121,Chicago,Denver,109,113,"{""19"": [""+2.5 -110"", ""-2.5 -110""], ""93"": [""+2.5 -110"", ""-2.5 -110""], ""238"": [""+3 -120"", ""-3 +110""]}"
20061121,Miami,New Orleans,86,101,"{""19"": [""+5 -110"", ""-5 -110""], ""93"": [""+5 -110"", ""-5 -110""], ""238"": [""+4.5 +102"", ""-4.5 -112""]}"
20061121,Memphis,Cleveland,94,97,"{""19"": [""+10 -110"", ""-10 -110""], ""93"": [""+10 -110"", ""-10 -110""], ""238"": [""+10 +100"", ""-10 -110""]}"
20061121,L.A. Clippers,L.A. Lakers,101,105,"{""19"": [""-2 -110"", ""+2 -110""], ""93"": [""-2 -110"", ""+2 -110""], ""238"": [""-1.5 -113"", ""+1.5 +103""]}"
20061122,Cleveland,Toronto,87,95,"{""19"": [""-2 -110"", ""+2 -110""], ""93"": [""-2 -101"", ""+2 -109""], ""238"": [""-2 +104"", ""+2 -114""]}"
20061122,Indiana,Orlando,91,96,"{""19"": [""+7 -110"", ""-7 -110""], ""93"": [""+7 -105"", ""-7 -105""], ""238"": [""+7 -106"", ""-7 -104""]}"
20061122,Washington,Houston,82,86,"{""19"": [""+7 -110"", ""-7 -110""], ""93"": [""+7.5 -105"", ""-7.5 -105""], ""238"": [""+7 -110"", ""-7 +100""]}"
20061122,Denver,Golden State,115,112,"{""19"": [""+4.5 -110"", ""-4.5 -110""], ""93"": [""+4 -105"", ""-4 -115""], ""238"": [""+4.5 +100"", ""-4.5 -110""]}"
20061122,Brooklyn,Portland,97,100,"{""19"": [""-4 -110"", ""+4 -110""], ""93"": [""-4 -109"", ""+4 -101""], ""238"": [""-4 -103"", ""+4 -107""]}"
20061122,Utah,Sacramento,110,101,"{""19"": [""+5 -110"", ""-5 -110""], ""93"": [""+5 -105"", ""-5 -105""], ""238"": [""+4.5 +100"", ""-4.5 -110""]}"
20061122,New York,Minnesota,89,107,"{""19"": [""+5 -110"", ""-5 -110""], ""93"": [""+5 -105"", ""-5 -105""], ""238"": [""+5 +102"", ""-5 -112""]}"
20061122,Boston,Charlotte,83,92,"{""19"": [""+1 -110"", ""-1 -110""], ""238"": [""+1 -104"", ""-1 -106""]}"
20061122,Philadelphia,Milwaukee,94,98,"{""19"": [""+6.5 -110"", ""-6.5 -110""], ""93"": [""+6.5 -105"", ""-6.5 -105""], ""238"": [""+6.5 +100"", ""-6.5 -110""]}"
20061122,Atlanta,Detroit,98,103,"{""19"": [""+6 -110"", ""-6 -110""], ""93"": [""+6.5 -105"", ""-6.5 -105""], ""238"": [""+6 +103"", ""-6 -113""]}"
20061122,Miami,San Antonio,86,106,"{""19"": [""+11 -110"", ""-11 -110""], ""93"": [""+10.5 -110"", ""-10.5 -110""], ""238"": [""+11 -109"", ""-11 -101""]}"
20061122,New Orleans,Phoenix,83,92,"{""19"": [""+8.5 -110"", ""-8.5 -110""], ""93"": [""+8.5 -105"", ""-8.5 -105""], ""238"": [""+8.5 -101"", ""-8.5 -109""]}"
20061124,Washington,Memphis,80,95,"{""19"": [""-2 -110"", ""+2 -110""], ""93"": [""-2.5 -105"", ""+2.5 -105""], ""238"": [""-2 -112"", ""+2 +102""]}"
20061124,Chicago,Philadelphia,108,123,"{""19"": [""-1.5 -110"", ""+1.5 -110""], ""93"": [""-1.5 -105"", ""+1.5 -105""], ""238"": [""-1.5 -105"", ""+1.5 -105""]}"
20061124,Cleveland,Indiana,87,97,"{""19"": [""+2.5 -110"", ""-2.5 -110""], ""93"": [""+2.5 -105"", ""-2.5 -115""], ""238"": [""+2.5 +105"", ""-2.5 -115""]}"
20061124,Brooklyn,Phoenix,93,99,"{""19"": [""+6.5 -110"", ""-6.5 -110""], ""93"": [""-6.5 -105"", ""+6.5 -105""], ""238"": [""+6 +103"", ""-6 -113""]}"
20061124,L.A. Lakers,Utah,108,114,"{""19"": [""+5.5 -110"", ""-5.5 -110""], ""93"": [""+5.5 -105"", ""-5.5 -105""], ""238"": [""+5.5 -108"", ""-5.5 -102""]}"
20061124,Charlotte,Detroit,95,104,"{""19"": [""+8.5 -110"", ""-8.5 -110""], ""93"": [""+8 -105"", ""-8 -105""], ""238"": [""+8.5 -115"", ""-8.5 +105""]}"
20061124,Orlando,Miami,107,104,"{""19"": [""+1 -110"", ""-1 -110""], ""93"": [""+1 -105"", ""-1 -105""], ""238"": [""+1 -104"", ""-1 -106""]}"
20061124,New York,Boston,101,77,"{""19"": [""+4.5 -110"", ""-4.5 -110""], ""93"": [""+4 -105"", ""-4 -105""], ""238"": [""+4.5 -110"", ""-4.5 +100""]}"
20061124,Golden State,Denver,129,140,"{""19"": [""+4.5 -110"", ""-4.5 -110""], ""93"": [""+4.5 -110"", ""-4.5 +100""], ""238"": [""+4.5 -104"", ""-4.5 -106""]}"
20061124,Dallas,San Antonio,95,92,"{""19"": [""+5 -110"", ""-5 -110""], ""93"": [""+5 -105"", ""-5 -105""], ""238"": [""+5 -102"", ""-5 -108""]}"
20061124,Toronto,Atlanta,93,97,"{""19"": [""+3 -110"", ""-3 -110""], ""93"": [""+3 -105"", ""-3 -105""], ""238"": [""+3 -108"", ""-3 -102""]}"
20061124,Minnesota,New Orleans,86,79,"{""19"": [""+4.5 -110"", ""-4.5 -110""], ""93"": [""+4.5 -110"", ""-4.5 +100""], ""238"": [""+4.5 -112"", ""-4.5 +102""]}"
20061125,New Orleans,Dallas,73,85,"{""19"": [""+9.5 -110"", ""-9.5 -110""], ""93"": [""+9.5 -105"", ""-9.5 -105""], ""238"": [""+9.5 -113"", ""-9.5 +103""]}"
20061125,Detroit,Washington,115,111,"{""19"": [""+2.5 -110"", ""-2.5 -110""], ""93"": [""+2.5 -105"", ""-2.5 -105""], ""238"": [""+2.5 -105"", ""-2.5 -105""]}"
20061125,Miami,Charlotte,102,93,"{""19"": [""+2.5 -110"", ""-2.5 -110""], ""93"": [""+2.5 -105"", ""-2.5 -105""], ""238"": [""+3 -111"", ""-3 +101""]}"
20061125,Atlanta,Orlando,79,98,"{""19"": [""+7.5 -110"", ""-7.5 -110""], ""93"": [""-7.5 -105"", ""+7.5 -105""], ""238"": [""+7.5 -112"", ""-7.5 +102""]}"
20061125,Utah,Golden State,78,91,"{""19"": [""-1.5 -110"", ""+1.5 -110""], ""93"": [""-1.5 -105"", ""+1.5 -105""], ""238"": [""-1 -109"", ""+1 -101""]}"
20061125,L.A. Clippers,Minnesota,96,104,"{""19"": [""-2.5 -110"", ""+2.5 -110""], ""93"": [""-2.5 -105"", ""+2.5 -105""], ""238"": [""-2.5 +108"", ""+2.5 -118""]}"
20061125,Philadelphia,Cleveland,95,108,"{""19"": [""+6.5 -110"", ""-6.5 -110""], ""93"": [""+6.5 -105"", ""-6.5 -105""], ""238"": [""+6.5 -107"", ""-6.5 -103""]}"
20061125,Memphis,Houston,76,85,"{""19"": [""+10 -110"", ""-10 -110""], ""93"": [""+9.5 -105"", ""-9.5 -115""], ""238"": [""+10 -102"", ""-10 -108""]}"
20061125,Boston,Milwaukee,111,98,"{""19"": [""+4 -110"", ""-4 -110""], ""93"": [""-4 -105"", ""+4 -105""], ""238"": [""+4 -110"", ""-4 +100""]}"
20061125,Chicago,New York,106,95,"{""19"": [""-1.5 -110"", ""+1.5 -110""], ""93"": [""-2 -105"", ""+2 -105""], ""238"": [""-2 -103"", ""+2 -107""]}"
20061125,Portland,Sacramento,85,105,"{""19"": [""+7.5 -110"", ""-7.5 -110""], ""93"": [""-7.5 -105"", ""+7.5 -105""], ""238"": [""+7.5 -101"", ""-7.5 -109""]}"
20061126,L.A. Clippers,Denver,88,103,"{""19"": [""+5 -110"", ""-5 -110""], ""93"": [""+5 -105"", ""-5 -105""], ""238"": [""+5 +103"", ""-5 -113""]}"
20061126,Brooklyn,L.A. Lakers,93,99,"{""19"": [""+4.5 -110"", ""-4.5 -110""], ""93"": [""+4.5 -105"", ""-4.5 -105""], ""238"": [""+4.5 -115"", ""-4.5 +105""]}"
20061126,Phoenix,Portland,119,101,"{""19"": [""-6 -110"", ""+6 -110""], ""93"": [""-6.5 -105"", ""+6.5 -115""], ""238"": [""-6 -102"", ""+6 -108""]}"
20061126,Indiana,Toronto,83,92,"{""19"": [""-1 -110"", ""+1 -110""], ""93"": [""-1 -103"", ""+1 -107""], ""238"": [""-1 +108"", ""+1 -118""]}"
20061127,Minnesota,Dallas,87,93,"{""19"": [""+9 -110"", ""-9 -110""], ""93"": [""+9 -105"", ""-9 -105""], ""238"": [""+9 -108"", ""-9 -102""]}"
20061127,Orlando,Utah,88,75,"{""19"": [""+6.5 -110"", ""-6.5 -110""], ""93"": [""+6.5 -110"", ""-6.5 +100""], ""238"": [""+6.5 -110"", ""-6.5 +100""]}"
20061127,San Antonio,Golden State,102,111,"{""19"": [""-3.5 -110"", ""+3.5 -110""], ""93"": [""-4 -101"", ""+4 -109""], ""238"": [""-3.5 -105"", ""+3.5 -105""]}"
20061127,Philadelphia,Miami,91,103,"{""19"": [""+3 -110"", ""-3 -110""], ""93"": [""+3 -105"", ""-3 -115""], ""238"": [""+3 +101"", ""-3 -111""]}"
20061128,Toronto,New Orleans,94,77,"{""19"": [""+4 -110"", ""-4 -110""], ""93"": [""+4 -110"", ""-4 +100""], ""238"": [""+4 -112"", ""-4 +102""]}"
20061128,Minnesota,Houston,75,82,"{""19"": [""+9 -110"", ""-9 -110""], ""93"": [""+9 -105"", ""-9 -115""], ""238"": [""+8.5 +112"", ""-8.5 -122""]}"
20061128,Atlanta,Washington,95,96,"{""19"": [""+6.5 -110"", ""-6.5 -110""], ""93"": [""+6.5 -105"", ""-6.5 -115""], ""238"": [""+6.5 -107"", ""-6.5 -103""]}"
20061128,New York,Chicago,85,102,"{""19"": [""+7 -110"", ""-7 -110""], ""93"": [""+7 -110"", ""-7 +100""], ""238"": [""+7 -106"", ""-7 -104""]}"
20061128,Memphis,Denver,108,96,"{""19"": [""+8.5 -110"", ""-8.5 -110""], ""93"": [""+9 -110"", ""-9 +100""], ""238"": [""+9 -112"", ""-9 +102""]}"
20061128,Milwaukee,L.A. Lakers,109,105,"{""19"": [""+7 -110"", ""-7 -110""], ""93"": [""+7.5 -109"", ""-7.5 -101""], ""238"": [""+7 -107"", ""-7 -103""]}"
20061128,L.A. Clippers,Sacramento,80,93,"{""19"": [""+5 -110"", ""-5 -110""], ""93"": [""+5 -105"", ""-5 -105""], ""238"": [""+5 -114"", ""-5 +104""]}"
20061128,Indiana,Portland,105,97,"{""19"": [""-2 -110"", ""+2 -110""], ""93"": [""-1.5 -105"", ""+1.5 -105""], ""238"": [""-1 -107"", ""+1 -103""]}"
20061128,Charlotte,Brooklyn,96,92,"{""19"": [""+7 -110"", ""-7 -110""], ""93"": [""+7.5 -110"", ""-7.5 +100""], ""238"": [""+7 +100"", ""-7 -110""]}"
20061129,New York,Cleveland,101,98,"{""19"": [""+9 -110"", ""-9 -110""], ""93"": [""+9.5 -109"", ""-9.5 -101""], ""238"": [""+9.5 -113"", ""-9.5 +103""]}"
20061129,Brooklyn,Boston,106,103,"{""19"": [""+2.5 -110"", ""-2.5 -110""], ""93"": [""+2.5 -105"", ""-2.5 -105""], ""238"": [""+3 -106"", ""-3 -104""]}"
20061129,Indiana,Golden State,108,106,"{""19"": [""+6.5 -110"", ""-6.5 -110""], ""93"": [""+6 -101"", ""-6 -109""], ""238"": [""+6 +103"", ""-6 -113""]}"
20061129,Charlotte,Atlanta,90,99,"{""19"": [""+4 -110"", ""-4 -110""], ""93"": [""+4 -105"", ""-4 -105""], ""238"": [""+4 -107"", ""-4 -103""]}"
20061129,Houston,Phoenix,91,102,"{""19"": [""+6.5 -110"", ""-6.5 -110""], ""93"": [""-7 -105"", ""+7 -105""], ""238"": [""+7 -115"", ""-7 +105""]}"
20061129,Toronto,Dallas,98,117,"{""19"": [""+10.5 -110"", ""-10.5 -110""], ""93"": [""+10 -110"", ""-10 -110""], ""238"": [""+10 -107"", ""-10 -103""]}"
20061129,San Antonio,Utah,75,83,"{""238"": [""-1 +106"", ""+1 -116""]}"
20061129,Memphis,L.A. Clippers,90,105,"{""19"": [""+6.5 -110"", ""-6.5 -110""], ""93"": [""+6.5 -105"", ""-6.5 -105""], ""238"": [""+6.5 -103"", ""-6.5 -107""]}"
20061130,Utah,L.A. Lakers,102,132,"{""19"": [""+4.5 -110"", ""-4.5 -110""], ""93"": [""+4.5 -105"", ""-4.5 -115""], ""238"": [""+4.5 +100"", ""-4.5 -110""]}"
20061130,Detroit,Miami,87,85,"{""19"": [""-3 -110"", ""+3 -110""], ""93"": [""-3 -110"", ""+3 +100""], ""238"": [""-3.5 +100"", ""+3.5 -110""]}"
20061201,Boston,Toronto,102,106,"{""19"": [""+2.5 -110"", ""-2.5 -110""], ""93"": [""-2.5 -110"", ""+2.5 +100""], ""238"": [""+2.5 -105"", ""-2.5 -105""]}"
20061201,Orlando,Portland,91,89,"{""19"": [""-4 -110"", ""+4 -110""], ""93"": [""-4 -103"", ""+4 -107""], ""238"": [""-4 -101"", ""+4 -109""]}"
20061201,Sacramento,Dallas,90,109,"{""19"": [""+7.5 -110"", ""-7.5 -110""], ""93"": [""+7 -105"", ""-7 -115""], ""238"": [""+7 +100"", ""-7 -110""]}"
20061201,New York,Detroit,100,108,"{""19"": [""+7 -110"", ""-7 -110""], ""93"": [""+7 -105"", ""-7 -105""], ""238"": [""+7 -111"", ""-7 +101""]}"
20061201,Charlotte,Washington,109,121,"{""19"": [""+7 -110"", ""-7 -110""], ""93"": [""+7 -105"", ""-7 -105""], ""238"": [""+7 -105"", ""-7 -105""]}"
20061201,Cleveland,Atlanta,106,95,"{""19"": [""-3.5 -110"", ""+3.5 -110""], ""93"": [""+3.5 -105"", ""-3.5 -105""], ""238"": [""-3.5 -103"", ""+3.5 -107""]}"
20061201,Denver,Minnesota,106,92,"{""19"": [""+1.5 -110"", ""-1.5 -110""], ""93"": [""+1 -101"", ""-1 -109""], ""238"": [""+1.5 -102"", ""-1.5 -108""]}"
20061201,Chicago,New Orleans,111,108,"{""19"": [""-3 -110"", ""+3 -110""], ""93"": [""-3 -105"", ""+3 -105""], ""238"": [""-3 +103"", ""+3 -113""]}"
20061201,Milwaukee,Phoenix,116,122,"{""19"": [""+9.5 -110"", ""-9.5 -110""], ""93"": [""+9.5 -105"", ""-9.5 -105""], ""238"": [""+9.5 -105"", ""-9.5 -105""]}"
20061202,L.A. Lakers,L.A. Clippers,97,88,"{""19"": [""+3 -110"", ""-3 -110""], ""93"": [""+3 -105"", ""-3 -105""], ""238"": [""+3 -108"", ""-3 -102""]}"
20061202,Sacramento,San Antonio,98,100,"{""19"": [""+8 -110"", ""-8 -110""], ""93"": [""+8 -105"", ""-8 -105""], ""238"": [""+8 -116"", ""-8 +106""]}"
20061202,Miami,Memphis,98,97,"{""19"": [""+2 -110"", ""-2 -110""], ""93"": [""+2 -105"", ""-2 -105""], ""238"": [""+2 -105"", ""-2 -105""]}"
20061202,Toronto,New York,103,100,"{""19"": [""+3 -110"", ""-3 -110""], ""93"": [""+3.5 -105"", ""-3.5 -105""], ""238"": [""+3 -106"", ""-3 -104""]}"
20061202,Philadelphia,Brooklyn,107,112,"{""19"": [""+5.5 -110"", ""-5.5 -110""], ""93"": [""+5.5 -101"", ""-5.5 -109""], ""238"": [""+5.5 +101"", ""-5.5 -111""]}"
20061202,Milwaukee,Golden State,115,110,"{""19"": [""+8.5 -110"", ""-8.5 -110""], ""93"": [""+8.5 -105"", ""-8.5 -105""], ""238"": [""+8 +104"", ""-8 -114""]}"
20061202,Indiana,Denver,101,121,"{""19"": [""+7 -110"", ""-7 -110""], ""93"": [""+7.5 -105"", ""-7.5 -105""], ""238"": [""+7 +105"", ""-7 -115""]}"
20061202,Washington,Chicago,94,112,"{""19"": [""+6 -110"", ""-6 -110""], ""93"": [""+5.5 -105"", ""-5.5 -105""], ""238"": [""+6 -106"", ""-6 -104""]}"
20061202,Cleveland,Houston,63,81,"{""19"": [""+6.5 -110"", ""-6.5 -110""], ""93"": [""-6.5 -105"", ""+6.5 -105""], ""238"": [""+6 -105"", ""-6 -105""]}"
20061203,Atlanta,Portland,107,96,"{""19"": [""+3 -110"", ""-3 -110""], ""93"": [""+2.5 -110"", ""-2.5 -110""], ""238"": [""+3 -105"", ""-3 -105""]}"
20061204,Milwaukee,Utah,88,101,"{""19"": [""+7 -110"", ""-7 -110""], ""93"": [""+7 -110"", ""-7 +100""], ""238"": [""+7 -110"", ""-7 +100""]}"
20061204,Golden State,San Antonio,89,129,"{""19"": [""+8.5 -110"", ""-8.5 -110""], ""93"": [""+8.5 -101"", ""-8.5 -109""], ""238"": [""+8.5 +108"", ""-8.5 -118""]}"
20061204,Orlando,Sacramento,92,89,"{""19"": [""+4.5 -110"", ""-4.5 -110""], ""93"": [""+6 -105"", ""-6 -105""], ""238"": [""+4.5 -107"", ""-4.5 -103""]}"
20061204,Boston,Chicago,82,100,"{""19"": [""+7.5 -110"", ""-7.5 -110""], ""93"": [""+7.5 -105"", ""-7.5 -105""], ""238"": [""+7 +103"", ""-7 -113""]}"
20061204,Memphis,New York,90,98,"{""19"": [""+2 -110"", ""-2 -110""], ""93"": [""-2 -105"", ""+2 -105""], ""238"": [""+2 +105"", ""-2 -115""]}"
20061204,Dallas,Washington,97,106,"{""19"": [""-3.5 -110"", ""+3.5 -110""], ""93"": [""-3.5 -105"", ""+3.5 -105""], ""238"": [""-3.5 +101"", ""+3.5 -111""]}"
20061204,Indiana,L.A. Lakers,87,101,"{""19"": [""+7 -110"", ""-7 -110""], ""93"": [""+7 -105"", ""-7 -105""], ""238"": [""+7 -110"", ""-7 +100""]}"
20061205,Portland,Detroit,88,85,"{""19"": [""+10 -110"", ""-10 -110""], ""93"": [""+10.5 -110"", ""-10.5 -110""], ""238"": [""+10 -104"", ""-10 -106""]}"
20061205,Sacramento,Phoenix,102,127,"{""19"": [""+10.5 -110"", ""-10.5 -110""], ""93"": [""+11 -110"", ""-11 -110""], ""238"": [""+10.5 +100"", ""-10.5 -110""]}"
20061205,Miami,L.A. Clippers,97,101,"{""19"": [""+6.5 -110"", ""-6.5 -110""], ""93"": [""+6.5 -105"", ""-6.5 -105""], ""238"": [""+6.5 -106"", ""-6.5 -104""]}"
20061205,Dallas,Brooklyn,92,75,"{""19"": [""-2 -110"", ""+2 -110""], ""93"": [""-2.5 -101"", ""+2.5 -109""], ""238"": [""-2.5 +101"", ""+2.5 -111""]}"
20061205,Golden State,Houston,90,118,"{""19"": [""+7.5 -110"", ""-7.5 -110""], ""93"": [""-7.5 -105"", ""+7.5 -105""], ""238"": [""+7 -102"", ""-7 -108""]}"
20061206,Philadelphia,Chicago,94,121,"{""19"": [""+9.5 -110"", ""-9.5 -110""], ""93"": [""+9.5 -110"", ""-9.5 -110""], ""238"": [""+9 +101"", ""-9 -111""]}"
20061206,Memphis,Boston,98,96,"{""19"": [""+3 -110"", ""-3 -110""], ""93"": [""+3.5 -110"", ""-3.5 -110""], ""238"": [""+2.5 +111"", ""-2.5 -121""]}"
20061206,Washington,New York,113,102,"{""19"": [""-1 -110"", ""+1 -110""], ""93"": [""-1 -110"", ""+1 -110""], ""238"": [""-1 +105"", ""+1 -115""]}"
20061206,Orlando,Indiana,80,94,"{""19"": [""+2.5 -110"", ""-2.5 -110""], ""93"": [""+2.5 -110"", ""-2.5 -110""], ""238"": [""+2 +110"", ""-2 -120""]}"
20061206,Houston,Minnesota,84,90,"{""238"": [""+1 -110"", ""-1 +100""]}"
20061206,New Orleans,L.A. Lakers,105,89,"{""19"": [""+9 -110"", ""-9 -110""], ""93"": [""+8.5 -110"", ""-8.5 -110""], ""238"": [""+9 -108"", ""-9 -102""]}"
20061206,San Antonio,Charlotte,96,76,"{""19"": [""-7.5 -110"", ""+7.5 -110""], ""93"": [""-7.5 -110"", ""+7.5 -110""], ""238"": [""-8 +113"", ""+8 -123""]}"
20061206,Toronto,Cleveland,91,95,"{""19"": [""+8 -110"", ""-8 -110""], ""93"": [""+8.5 -110"", ""-8.5 -110""], ""238"": [""+8 -101"", ""-8 -109""]}"
20061206,Atlanta,Denver,98,96,"{""19"": [""+12 -110"", ""-12 -110""], ""93"": [""+12 -110"", ""-12 -110""], ""238"": [""+12 -107"", ""-12 -103""]}"
20061206,Portland,Milwaukee,86,86,"{""19"": [""+7.5 -110"", ""-7.5 -110""], ""93"": [""+7.5 -110"", ""-7.5 -110""], ""238"": [""+7.5 -112"", ""-7.5 +102""]}"
20061207,Detroit,Dallas,92,82,"{""19"": [""+6.5 -110"", ""-6.5 -110""], ""93"": [""+6.5 -105"", ""-6.5 -105""], ""238"": [""+7 -112"", ""-7 +102""]}"
20061207,Miami,Sacramento,85,85,"{""19"": [""+5.5 -110"", ""-5.5 -110""], ""93"": [""+5.5 -110"", ""-5.5 -110""], ""238"": [""+5 +101"", ""-5 -111""]}"
20061207,Phoenix,Brooklyn,133,133,"{""19"": [""-2.5 -110"", ""+2.5 -110""], ""93"": [""+3 -101"", ""-3 -109""], ""238"": [""-3 +104"", ""+3 -114""]}"
20061208,Miami,Denver,107,123,"{""19"": [""+9 -110"", ""-9 -110""], ""93"": [""+8.5 -105"", ""-8.5 -105""], ""238"": [""+9 -104"", ""-9 -106""]}"
20061208,Memphis,Milwaukee,94,100,"{""19"": [""+5 -110"", ""-5 -110""], ""93"": [""-5.5 -105"", ""+5.5 -105""], ""238"": [""+5 +100"", ""-5 -110""]}"
20061208,Atlanta,L.A. Lakers,95,106,"{""19"": [""+7.5 -110"", ""-7.5 -110""], ""93"": [""+8 -105"", ""-8 -105""], ""238"": [""+8.5 -103"", ""-8.5 -107""]}"
20061208,Washington,Philadelphia,113,98,"{""19"": [""-4 -110"", ""+4 -110""], ""93"": [""-4 -105"", ""+4 -105""], ""238"": [""-3.5 -112"", ""+3.5 +102""]}"
20061208,Phoenix,Boston,116,111,"{""19"": [""-4.5 -110"", ""+4.5 -110""], ""93"": [""-4.5 -105"", ""+4.5 -105""], ""238"": [""-4.5 +103"", ""+4.5 -113""]}"
20061208,Utah,Minnesota,103,110,"{""19"": [""-1 -110"", ""+1 -110""], ""93"": [""+1 -105"", ""-1 -105""], ""238"": [""-1 -105"", ""+1 -105""]}"
20061208,L.A. Clippers,San Antonio,82,111,"{""19"": [""+8 -110"", ""-8 -110""], ""93"": [""-8 -105"", ""+8 -105""], ""238"": [""+8 -113"", ""-8 +103""]}"
20061208,Portland,Indiana,95,108,"{""19"": [""+7 -110"", ""-7 -110""], ""93"": [""+7 -105"", ""-7 -105""], ""238"": [""+7 -114"", ""-7 +104""]}"
20061208,Houston,Charlotte,92,62,"{""19"": [""-5.5 -110"", ""+5.5 -110""], ""93"": [""+5.5 -105"", ""-5.5 -105""], ""238"": [""-5.5 -105"", ""+5.5 -105""]}"
20061208,Toronto,Chicago,90,93,"{""19"": [""+8.5 -110"", ""-8.5 -110""], ""93"": [""+8.5 -105"", ""-8.5 -105""], ""238"": [""+8.5 -106"", ""-8.5 -104""]}"
20061208,Detroit,Orlando,87,83,"{""19"": [""+4 -110"", ""-4 -110""], ""93"": [""+4 -109"", ""-4 -101""], ""238"": [""+4 -109"", ""-4 -101""]}"
20061209,Boston,Brooklyn,92,90,"{""19"": [""+8 -110"", ""-8 -110""], ""93"": [""+8 -110"", ""-8 -110""], ""238"": [""+8 -105"", ""-8 -105""]}"
20061209,L.A. Clippers,Memphis,89,82,"{""19"": [""-2.5 -110"", ""+2.5 -110""], ""93"": [""-2.5 -110"", ""+2.5 -110""], ""238"": [""-2.5 -111"", ""+2.5 +101""]}"
20061209,New Orleans,Golden State,80,101,"{""19"": [""+7.5 -110"", ""-7.5 -110""], ""93"": [""+8 -110"", ""-8 -110""], ""238"": [""+7.5 +106"", ""-7.5 -116""]}"
20061209,Indiana,Cleveland,75,107,"{""19"": [""+9 -110"", ""-9 -110""], ""93"": [""+9 -110"", ""-9 -110""], ""238"": [""+8.5 -109"", ""-8.5 -101""]}"
20061209,Milwaukee,New York,107,115,"{""19"": [""+2.5 -110"", ""-2.5 -110""], ""93"": [""+2.5 -110"", ""-2.5 -110""], ""238"": [""+2.5 -103"", ""-2.5 -107""]}"
20061209,Denver,Dallas,90,105,"{""19"": [""+8.5 -110"", ""-8.5 -110""], ""93"": [""+9 -110"", ""-9 -110""], ""238"": [""+8.5 -103"", ""-8.5 -107""]}"
20061209,Houston,Washington,114,109,"{""19"": [""+1 -110"", ""-1 -110""], ""238"": [""-1 +111"", ""+1 -121""]}"
20061209,Minnesota,Chicago,91,81,"{""19"": [""+7.5 -110"", ""-7.5 -110""], ""93"": [""+7.5 -110"", ""-7.5 -110""], ""238"": [""+7.5 -109"", ""-7.5 -101""]}"
20061209,Philadelphia,Orlando,84,86,"{""19"": [""+12 -110"", ""-12 -110""], ""93"": [""+12 -110"", ""-12 -110""], ""238"": [""+11.5 +107"", ""-11.5 -117""]}"
20061210,Portland,Toronto,93,83,"{""19"": [""+7.5 -110"", ""-7.5 -110""], ""93"": [""+7.5 -110"", ""-7.5 -110""], ""238"": [""+7.5 -112"", ""-7.5 +102""]}"
20061210,Atlanta,Sacramento,92,117,"{""19"": [""+9.5 -110"", ""-9.5 -110""], ""93"": [""+9.5 -110"", ""-9.5 -110""], ""238"": [""+9.5 -103"", ""-9.5 -107""]}"
20061210,Phoenix,Charlotte,114,84,"{""19"": [""-8 -110"", ""+8 -110""], ""93"": [""-8 -110"", ""+8 -110""], ""238"": [""-7.5 -113"", ""+7.5 +103""]}"
20061210,San Antonio,L.A. Lakers,99,106,"{""19"": [""-5 -110"", ""+5 -110""], ""93"": [""-4.5 -110"", ""+4.5 -110""], ""238"": [""-4.5 -113"", ""+4.5 +103""]}"
20061211,Phoenix,Orlando,103,89,"{""19"": [""-1 -110"", ""+1 -110""], ""93"": [""-1 -105"", ""+1 -105""], ""238"": [""-1 -110"", ""+1 +100""]}"
20061211,Memphis,Brooklyn,92,105,"{""19"": [""+8 -110"", ""-8 -110""], ""93"": [""+8 -105"", ""-8 -105""], ""238"": [""+7.5 +105"", ""-7.5 -115""]}"
20061211,Cleveland,New Orleans,89,95,"{""19"": [""-4.5 -110"", ""+4.5 -110""], ""93"": [""-4.5 -105"", ""+4.5 -105""], ""238"": [""-4.5 -101"", ""+4.5 -109""]}"
20061211,San Antonio,L.A. Clippers,103,81,"{""19"": [""-3 -110"", ""+3 -110""], ""93"": [""+3 -105"", ""-3 -105""], ""238"": [""-3 -112"", ""+3 +102""]}"
20061211,Portland,Philadelphia,81,79,"{""19"": [""+4 -110"", ""-4 -110""], ""93"": [""+4 -105"", ""-4 -105""], ""238"": [""+3.5 +111"", ""-3.5 -121""]}"
20061211,Dallas,Utah,79,101,"{""19"": [""+2 -110"", ""-2 -110""], ""93"": [""-2 -105"", ""+2 -105""], ""238"": [""+1.5 +108"", ""-1.5 -118""]}"
20061211,Boston,New York,97,90,"{""19"": [""+2.5 -110"", ""-2.5 -110""], ""93"": [""+3 -105"", ""-3 -105""], ""238"": [""+2.5 +103"", ""-2.5 -113""]}"
20061211,Toronto,Miami,77,99,"{""19"": [""+8.5 -110"", ""-8.5 -110""], ""93"": [""+8.5 -105"", ""-8.5 -105""], ""238"": [""+8.5 +106"", ""-8.5 -116""]}"
20061211,Indiana,Chicago,91,106,"{""19"": [""+11 -110"", ""-11 -110""], ""93"": [""+11 -110"", ""-11 -110""], ""238"": [""+11 -103"", ""-11 -107""]}"
20061212,L.A. Lakers,Houston,102,94,"{""19"": [""+1.5 -110"", ""-1.5 -110""], ""93"": [""+1.5 -105"", ""-1.5 -105""], ""238"": [""+2 -114"", ""-2 +104""]}"
20061212,Sacramento,Golden State,113,126,"{""19"": [""+3 -110"", ""-3 -110""], ""93"": [""+3 -105"", ""-3 -105""], ""238"": [""+3 -105"", ""-3 -105""]}"
20061212,Denver,Atlanta,100,87,"{""19"": [""-8.5 -110"", ""+8.5 -110""], ""93"": [""-8 -105"", ""+8 -105""], ""238"": [""-8 -111"", ""+8 +101""]}"
20061213,L.A. Lakers,Dallas,101,110,{}
20061213,Charlotte,Cleveland,101,104,"{""19"": [""+10.5 -110"", ""-10.5 -110""], ""93"": [""+10.5 -110"", ""-10.5 -110""], ""238"": [""+10.5 +100"", ""-10.5 -110""]}"
20061213,Denver,Washington,91,120,{}
20061213,Minnesota,San Antonio,82,95,{}
20061213,Detroit,Indiana,90,101,{}
20061213,Milwaukee,Brooklyn,95,108,{}
20061213,Phoenix,Miami,99,89,{}
20061213,Atlanta,New York,82,94,{}
20061213,Portland,Memphis,85,79,{}
20061213,Toronto,Orlando,91,84,{}
20061213,Boston,Philadelphia,101,81,{}
20061213,Utah,L.A. Clippers,105,86,{}
20061214,San Antonio,New Orleans,103,77,"{""19"": [""-7 -110"", ""+7 -110""], ""93"": [""-7 -101"", ""+7 -109""], ""238"": [""-7 +100"", ""+7 -110""]}"
20061214,Houston,Golden State,107,109,"{""19"": [""+4 -110"", ""-4 -110""], ""93"": [""+4.5 -105"", ""-4.5 -105""], ""238"": [""+4 +107"", ""-4 -117""]}"
20061214,Orlando,Charlotte,89,99,"{""19"": [""-1.5 -110"", ""+1.5 -110""], ""93"": [""-1.5 -105"", ""+1.5 -105""], ""238"": [""-1.5 -103"", ""+1.5 -107""]}"
20061215,Sacramento,Utah,98,97,"{""19"": [""+7 -110"", ""-7 -110""], ""93"": [""+7 -109"", ""-7 -101""], ""238"": [""+7.5 -121"", ""-7.5 +111""]}"
20061215,Denver,Boston,114,119,"{""19"": [""-3 -110"", ""+3 -110""], ""93"": [""-3 -109"", ""+3 -101""], ""238"": [""-3 -102"", ""+3 -108""]}"
20061215,Miami,Washington,95,106,"{""19"": [""+11 -110"", ""-11 -110""], ""93"": [""+11 -110"", ""-11 -110""], ""238"": [""+11 -102"", ""-11 -108""]}"
20061215,Atlanta,Memphis,97,88,"{""19"": [""+8 -110"", ""-8 -110""], ""93"": [""+8 -105"", ""-8 -105""], ""238"": [""+8 -112"", ""-8 +102""]}"
20061215,Milwaukee,Chicago,111,117,"{""19"": [""+7 -110"", ""-7 -110""], ""93"": [""+7 -101"", ""-7 -109""], ""238"": [""+7 -105"", ""-7 -105""]}"
20061215,Philadelphia,Dallas,79,93,"{""19"": [""+15 -110"", ""-15 -110""], ""93"": [""+14.5 -105"", ""-14.5 -105""], ""238"": [""+15 -115"", ""-15 +105""]}"
20061215,Golden State,Phoenix,101,105,"{""19"": [""+12.5 -110"", ""-12.5 -110""], ""93"": [""+12.5 -110"", ""-12.5 -110""], ""238"": [""+12 -101"", ""-12 -109""]}"
20061215,New York,Indiana,96,112,"{""19"": [""+6.5 -110"", ""-6.5 -110""], ""93"": [""+7 -105"", ""-7 -105""], ""238"": [""+7 -115"", ""-7 +105""]}"
20061215,Brooklyn,Toronto,78,90,"{""19"": [""-2.5 -110"", ""+2.5 -110""], ""93"": [""-2.5 -109"", ""+2.5 -101""], ""238"": [""-2.5 -113"", ""+2.5 +103""]}"
20061215,L.A. Clippers,Portland,99,109,"{""19"": [""-2.5 -110"", ""+2.5 -110""], ""93"": [""-2.5 -109"", ""+2.5 -101""], ""238"": [""-3 -108"", ""+3 -102""]}"
20061215,Houston,L.A. Lakers,89,89,"{""19"": [""+4.5 -110"", ""-4.5 -110""], ""93"": [""+4 -103"", ""-4 -107""], ""238"": [""+4.5 -111"", ""-4.5 +101""]}"
20061216,Cleveland,Orlando,74,81,"{""19"": [""-1.5 -110"", ""+1.5 -110""], ""93"": [""-1.5 -110"", ""+1.5 -110""], ""238"": [""-1.5 +102"", ""+1.5 -112""]}"
20061216,Chicago,Atlanta,93,93,"{""19"": [""-3.5 -110"", ""+3.5 -110""], ""93"": [""-3.5 -110"", ""+3.5 -110""], ""238"": [""-3.5 -105"", ""+3.5 -105""]}"
20061216,Boston,Charlotte,106,100,"{""19"": [""+3 -110"", ""-3 -110""], ""93"": [""+3 -110"", ""-3 -110""], ""238"": [""+3 -101"", ""-3 -109""]}"
20061216,Philadelphia,San Antonio,98,103,"{""19"": [""+17 -110"", ""-17 -110""], ""93"": [""+17 -110"", ""-17 -110""], ""238"": [""+17 -115"", ""-17 +105""]}"
20061216,Phoenix,Sacramento,105,98,"{""19"": [""-2.5 -110"", ""+2.5 -110""], ""93"": [""-2.5 -110"", ""+2.5 -110""], ""238"": [""-2.5 -103"", ""+2.5 -107""]}"
20061216,Denver,New York,123,100,"{""19"": [""-4.5 -110"", ""+4.5 -110""], ""93"": [""-4.5 -110"", ""+4.5 -110""], ""238"": [""-4.5 -108"", ""+4.5 -102""]}"
20061216,Minnesota,Milwaukee,104,108,"{""19"": [""-2 -110"", ""+2 -110""], ""93"": [""-2 -110"", ""+2 -110""], ""238"": [""-2 -108"", ""+2 -102""]}"
20061216,Dallas,New Orleans,90,79,"{""19"": [""-7.5 -110"", ""+7.5 -110""], ""93"": [""-7 -110"", ""+7 -110""], ""238"": [""-7.5 -103"", ""+7.5 -107""]}"
20061216,Detroit,Brooklyn,90,82,"{""19"": [""-1 -110"", ""+1 -110""], ""93"": [""-1 -110"", ""+1 -110""], ""238"": [""-1 -102"", ""+1 -108""]}"
20061216,Memphis,Miami,90,98,"{""19"": [""+6 -110"", ""-6 -110""], ""93"": [""+6 -110"", ""-6 -110""], ""238"": [""+6.5 -114"", ""-6.5 +104""]}"
20061217,Golden State,Toronto,115,120,"{""19"": [""-2 -110"", ""+2 -110""], ""93"": [""-2 -110"", ""+2 -110""], ""238"": [""-2 +100"", ""+2 -110""]}"
20061217,Utah,Indiana,104,94,"{""19"": [""+1.5 -110"", ""-1.5 -110""], ""93"": [""+1.5 -110"", ""-1.5 -110""], ""238"": [""+1.5 +100"", ""-1.5 -110""]}"
20061217,Washington,L.A. Lakers,126,126,"{""19"": [""+5.5 -110"", ""-5.5 -110""], ""93"": [""+6 -110"", ""-6 -110""], ""238"": [""+5.5 -108"", ""-5.5 -102""]}"
20061217,Houston,L.A. Clippers,108,103,"{""19"": [""-1 -110"", ""+1 -110""], ""93"": [""-1 -110"", ""+1 -110""], ""238"": [""-1 -115"", ""+1 +105""]}"
20061218,New Orleans,Miami,99,101,"{""19"": [""+7.5 -110"", ""-7.5 -110""], ""93"": [""+7 -101"", ""-7 -109""], ""238"": [""+7.5 -105"", ""-7.5 -105""]}"
20061218,Utah,New York,85,85,"{""19"": [""-7.5 -110"", ""+7.5 -110""], ""93"": [""-7.5 -110"", ""+7.5 -110""], ""238"": [""-7.5 -121"", ""+7.5 +111""]}"
20061218,Golden State,Brooklyn,97,105,"{""19"": [""+6 -110"", ""-6 -110""], ""93"": [""+6 -105"", ""-6 -105""], ""238"": [""+6 +101"", ""-6 -111""]}"
20061218,Dallas,Sacramento,109,91,"{""19"": [""-4.5 -110"", ""+4.5 -110""], ""93"": [""-4.5 -110"", ""+4.5 -110""], ""238"": [""-4.5 -106"", ""+4.5 -104""]}"
20061218,Washington,Denver,108,117,"{""19"": [""-3.5 -110"", ""+3.5 -110""], ""93"": [""-3.5 -110"", ""+3.5 -110""], ""238"": [""-3 -120"", ""+3 +110""]}"
20061219,Toronto,Phoenix,98,115,"{""19"": [""+13.5 -110"", ""-13.5 -110""], ""93"": [""+13.5 -110"", ""-13.5 -110""], ""238"": [""+13.5 -104"", ""-13.5 -106""]}"
20061219,L.A. Lakers,Chicago,89,94,"{""19"": [""+6 -110"", ""-6 -110""], ""93"": [""+6 -105"", ""-6 -105""], ""238"": [""+6 -104"", ""-6 -106""]}"
20061220,Indiana,Philadelphia,101,93,"{""19"": [""-5.5 -110"", ""+5.5 -110""], ""93"": [""-5.5 -105"", ""+5.5 -105""], ""238"": [""-5.5 +105"", ""+5.5 -115""]}"
20061220,Houston,Portland,87,89,"{""19"": [""-5 -110"", ""+5 -110""], ""93"": [""-5 -109"", ""+5 -101""], ""238"": [""-5 -103"", ""+5 -107""]}"
20061220,Utah,Atlanta,112,106,"{""19"": [""-5.5 -110"", ""+5.5 -110""], ""93"": [""-5.5 -105"", ""+5.5 -105""], ""238"": [""-5.5 +101"", ""+5.5 -111""]}"
20061220,New Orleans,Orlando,83,86,"{""19"": [""+7.5 -110"", ""-7.5 -110""], ""93"": [""+7.5 -105"", ""-7.5 -105""], ""238"": [""+7.5 -101"", ""-7.5 -109""]}"
20061220,Toronto,L.A. Clippers,98,96,"{""19"": [""+9 -110"", ""-9 -110""], ""93"": [""+9 -105"", ""-9 -105""], ""238"": [""+8.5 +101"", ""-8.5 -111""]}"
20061220,L.A. Lakers,Minnesota,111,94,"{""19"": [""+5.5 -110"", ""-5.5 -110""], ""93"": [""+5.5 -105"", ""-5.5 -105""], ""238"": [""+5.5 -105"", ""-5.5 -105""]}"
20061220,Miami,Milwaukee,95,121,"{""19"": [""+3 -110"", ""-3 -110""], ""93"": [""+3 -109"", ""-3 -101""], ""238"": [""+3 -109"", ""-3 -101""]}"
20061220,Golden State,Boston,96,95,"{""19"": [""+2 -110"", ""-2 -110""], ""93"": [""+1.5 -101"", ""-1.5 -109""], ""238"": [""+2 -107"", ""-2 -103""]}"
20061220,Charlotte,New York,95,95,"{""19"": [""+4 -110"", ""-4 -110""], ""93"": [""+4 -101"", ""-4 -109""], ""238"": [""+4 +103"", ""-4 -113""]}"
20061220,Cleveland,Brooklyn,111,113,"{""19"": [""+1 -110"", ""-1 -110""], ""93"": [""+1 -105"", ""-1 -105""], ""238"": [""+1 +100"", ""-1 -110""]}"
20061220,Memphis,San Antonio,98,105,"{""19"": [""+12.5 -110"", ""-12.5 -110""], ""93"": [""+12.5 -110"", ""-12.5 -110""], ""238"": [""+12.5 -102"", ""-12.5 -108""]}"
20061221,Detroit,Cleveland,87,71,"{""19"": [""+3.5 -110"", ""-3.5 -110""], ""93"": [""+3.5 -105"", ""-3.5 -105""], ""238"": [""+3.5 -109"", ""-3.5 -101""]}"
20061221,Washington,Sacramento,126,119,"{""19"": [""+3.5 -110"", ""-3.5 -110""], ""93"": [""+3.5 -101"", ""-3.5 -109""], ""238"": [""+4 -113"", ""-4 +103""]}"
20061222,L.A. Clippers,Dallas,83,115,"{""19"": [""+9.5 -110"", ""-9.5 -110""], ""93"": [""+9.5 -110"", ""-9.5 -110""], ""238"": [""+9 +110"", ""-9 -120""]}"
20061222,Milwaukee,Minnesota,113,107,"{""19"": [""+6 -110"", ""-6 -110""], ""93"": [""+6 -105"", ""-6 -105""], ""238"": [""+6 +103"", ""-6 -113""]}"
20061222,L.A. Lakers,Brooklyn,99,95,"{""19"": [""+3 -110"", ""-3 -110""], ""93"": [""+3 -105"", ""-3 -105""], ""238"": [""+3 +105"", ""-3 -115""]}"
20061222,Houston,San Antonio,97,78,"{""19"": [""+8.5 -110"", ""-8.5 -110""], ""93"": [""+8.5 -110"", ""-8.5 -110""], ""238"": [""+8 -103"", ""-8 -107""]}"
20061222,Philadelphia,Boston,98,83,"{""19"": [""+2.5 -110"", ""-2.5 -110""], ""93"": [""+3 -110"", ""-3 -110""], ""238"": [""+3 -115"", ""-3 +105""]}"
20061222,Washington,Phoenix,127,127,"{""19"": [""+10.5 -110"", ""-10.5 -110""], ""93"": [""+10.5 -110"", ""-10.5 -110""], ""238"": [""+10.5 -108"", ""-10.5 -102""]}"
20061222,Chicago,New York,92,103,"{""19"": [""-5.5 -110"", ""+5.5 -110""], ""93"": [""-5.5 -109"", ""+5.5 -101""], ""238"": [""-5.5 -104"", ""+5.5 -106""]}"
20061222,Memphis,New Orleans,97,100,"{""19"": [""+2 -110"", ""-2 -110""], ""93"": [""-2 -105"", ""+2 -105""], ""238"": [""+2 -102"", ""-2 -108""]}"
20061222,Sacramento,Denver,101,96,"{""19"": [""+2.5 -110"", ""-2.5 -110""], ""93"": [""+2.5 -110"", ""-2.5 -110""], ""238"": [""+2.5 -103"", ""-2.5 -107""]}"
20061222,Golden State,Orlando,117,108,"{""19"": [""+4.5 -110"", ""-4.5 -110""], ""93"": [""+4.5 -105"", ""-4.5 -105""], ""238"": [""+4.5 -104"", ""-4.5 -106""]}"
20061222,Indiana,Atlanta,100,90,"{""19"": [""-3 -110"", ""+3 -110""], ""93"": [""-3 -109"", ""+3 -101""], ""238"": [""-3 -110"", ""+3 +100""]}"
20061222,Utah,Charlotte,89,101,"{""19"": [""-6.5 -110"", ""+6.5 -110""], ""93"": [""-7 -101"", ""+7 -109""], ""238"": [""-6.5 -108"", ""+6.5 -102""]}"
20061222,Toronto,Portland,90,90,"{""19"": [""+3.5 -110"", ""-3.5 -110""], ""93"": [""+3.5 -105"", ""-3.5 -105""], ""238"": [""+3.5 -102"", ""-3.5 -108""]}"
20061223,Charlotte,Chicago,76,115,"{""19"": [""+11 -110"", ""-11 -110""], ""93"": [""+11 -110"", ""-11 -110""], ""238"": [""+11 -105"", ""-11 -105""]}"
20061223,Brooklyn,Milwaukee,104,115,"{""19"": [""+4.5 -110"", ""-4.5 -110""], ""93"": [""+4.5 -110"", ""-4.5 -110""], ""238"": [""+4.5 +105"", ""-4.5 -115""]}"
20061223,L.A. Clippers,Houston,98,93,"{""19"": [""+7.5 -110"", ""-7.5 -110""], ""93"": [""+7.5 -110"", ""-7.5 -110""], ""238"": [""+7.5 -115"", ""-7.5 +105""]}"
20061223,New York,Philadelphia,77,98,"{""19"": [""+3 -110"", ""-3 -110""], ""93"": [""+3 -110"", ""-3 -110""], ""238"": [""+3 -107"", ""-3 -103""]}"
20061223,Minnesota,Indiana,78,71,"{""19"": [""+4.5 -110"", ""-4.5 -110""], ""93"": [""+4.5 -110"", ""-4.5 -110""], ""238"": [""+4.5 -102"", ""-4.5 -108""]}"
20061223,San Antonio,New Orleans,112,77,"{""19"": [""-9 -110"", ""+9 -110""], ""93"": [""-9 -110"", ""+9 -110""], ""238"": [""-9 +101"", ""+9 -111""]}"
20061223,Golden State,Miami,92,105,"{""19"": [""+6 -110"", ""-6 -110""], ""93"": [""+6 -110"", ""-6 -110""], ""238"": [""+6 -101"", ""-6 -109""]}"
20061223,Atlanta,Detroit,81,108,"{""19"": [""+10.5 -110"", ""-10.5 -110""], ""93"": [""+10.5 -110"", ""-10.5 -110""], ""238"": [""+10.5 -102"", ""-10.5 -108""]}"
20061223,Utah,Memphis,100,97,"{""19"": [""-4 -110"", ""+4 -110""], ""93"": [""-3.5 -105"", ""+3.5 -105""], ""238"": [""-4 +101"", ""+4 -111""]}"
20061223,Orlando,Cleveland,83,86,"{""19"": [""+7.5 -110"", ""-7.5 -110""], ""93"": [""+7.5 -110"", ""-7.5 -110""], ""238"": [""+7.5 -102"", ""-7.5 -108""]}"
20061225,L.A. Lakers,Miami,85,101,"{""19"": [""-1 -118"", ""+1 -102""], ""93"": [""-1.5 -105"", ""+1.5 -105""], ""238"": [""-1 -107"", ""+1 -103""]}"
20061226,Boston,Denver,105,116,"{""19"": [""+5.5 -110"", ""-5.5 -110""], ""93"": [""+5.5 -105"", ""-5.5 -105""], ""238"": [""+6 -111"", ""-6 +101""]}"
20061226,Houston,Indiana,76,81,"{""19"": [""+3.5 -110"", ""-3.5 -110""], ""93"": [""+3.5 -110"", ""-3.5 -110""], ""238"": [""+3.5 -101"", ""-3.5 -109""]}"
20061226,Milwaukee,San Antonio,114,107,"{""19"": [""+8 -110"", ""-8 -110""], ""93"": [""+8 -109"", ""-8 -101""], ""238"": [""+8 -103"", ""-8 -107""]}"
20061226,Charlotte,Dallas,84,97,"{""19"": [""+13.5 -110"", ""-13.5 -110""], ""93"": [""+13 -110"", ""-13 -110""], ""238"": [""+13 +105"", ""-13 -115""]}"
20061226,Chicago,Minnesota,98,100,"{""19"": [""-1.5 -110"", ""+1.5 -110""], ""93"": [""-1.5 -105"", ""+1.5 -105""], ""238"": [""-1 -109"", ""+1 -101""]}"
20061226,Brooklyn,Detroit,91,92,"{""19"": [""+7 -110"", ""-7 -110""], ""93"": [""+7 -105"", ""-7 -105""], ""238"": [""+7 -108"", ""-7 -102""]}"
20061226,Portland,Phoenix,87,110,"{""19"": [""+13.5 -110"", ""-13.5 -110""], ""93"": [""+13.5 -110"", ""-13.5 -110""], ""238"": [""+13 -101"", ""-13 -109""]}"
20061226,Memphis,Washington,101,116,"{""19"": [""+8 -110"", ""-8 -110""], ""93"": [""-8 -101"", ""+8 -109""], ""238"": [""+8 +100"", ""-8 -110""]}"
20061226,L.A. Clippers,Utah,92,102,"{""19"": [""+7 -110"", ""-7 -110""], ""93"": [""+7.5 -109"", ""-7.5 -101""], ""238"": [""+7.5 -114"", ""-7.5 +104""]}"
20061226,Philadelphia,Golden State,97,116,"{""19"": [""+6 -110"", ""-6 -110""], ""93"": [""+6 -109"", ""-6 -101""], ""238"": [""+6 -108"", ""-6 -102""]}"
20061227,Boston,L.A. Clippers,77,100,"{""19"": [""+7.5 -110"", ""-7.5 -110""], ""93"": [""+8 -105"", ""-8 -105""], ""238"": [""+7.5 +103"", ""-7.5 -113""]}"
20061227,Miami,Chicago,103,109,"{""19"": [""+5.5 -110"", ""-5.5 -110""], ""93"": [""+6 -105"", ""-6 -105""], ""238"": [""+5.5 -105"", ""-5.5 -105""]}"
20061227,Detroit,New York,116,116,"{""19"": [""-5 -110"", ""+5 -110""], ""93"": [""-5 -105"", ""+5 -105""], ""238"": [""-5 -105"", ""+5 -105""]}"
20061227,Cleveland,Atlanta,89,76,"{""19"": [""-5.5 -110"", ""+5.5 -110""], ""93"": [""+5 -105"", ""-5 -105""], ""238"": [""-5.5 -102"", ""+5.5 -108""]}"
20061227,Washington,Charlotte,114,107,"{""19"": [""-5 -110"", ""+5 -110""], ""93"": [""-5 -109"", ""+5 -101""], ""238"": [""-5 -113"", ""+5 +103""]}"
20061227,Milwaukee,Memphis,112,96,"{""19"": [""+2 -110"", ""-2 -110""], ""93"": [""+2 -105"", ""-2 -105""], ""238"": [""+1.5 +105"", ""-1.5 -115""]}"
20061227,Houston,Brooklyn,96,71,"{""19"": [""+4.5 -110"", ""-4.5 -110""], ""93"": [""+4.5 -110"", ""-4.5 -110""], ""238"": [""+5 -112"", ""-5 +102""]}"
20061227,Minnesota,Toronto,97,100,"{""19"": [""+1.5 -110"", ""-1.5 -110""], ""93"": [""+1.5 -105"", ""-1.5 -105""], ""238"": [""+1.5 -102"", ""-1.5 -108""]}"
20061227,New Orleans,Portland,85,100,"{""19"": [""+9 -110"", ""-9 -110""], ""93"": [""+9 -101"", ""-9 -109""], ""238"": [""+9 +101"", ""-9 -111""]}"
20061227,Philadelphia,Sacramento,76,101,"{""19"": [""+6.5 -110"", ""-6.5 -110""], ""93"": [""+6.5 -110"", ""-6.5 -110""], ""238"": [""+6.5 -109"", ""-6.5 -101""]}"
20061227,L.A. Lakers,Orlando,106,93,"{""19"": [""+2 -110"", ""-2 -110""], ""93"": [""+2 -105"", ""-2 -105""], ""238"": [""+2 -102"", ""-2 -108""]}"
20061228,Utah,San Antonio,83,106,"{""19"": [""+7.5 -110"", ""-7.5 -110""], ""93"": [""+7 -105"", ""-7 -105""], ""238"": [""+7.5 -109"", ""-7.5 -101""]}"
20061228,Phoenix,Dallas,99,101,"{""19"": [""+2.5 -110"", ""-2.5 -110""], ""93"": [""+2 -105"", ""-2 -105""], ""238"": [""+2.5 -109"", ""-2.5 -101""]}"
20061229,New York,Phoenix,86,108,"{""19"": [""+13 -110"", ""-13 -110""], ""93"": [""+13 -110"", ""-13 -110""], ""238"": [""+13 -108"", ""-13 -102""]}"
20061229,Milwaukee,Cleveland,99,109,"{""19"": [""+5.5 -110"", ""-5.5 -110""], ""93"": [""+5.5 -105"", ""-5.5 -105""], ""238"": [""+6 -117"", ""-6 +107""]}"
20061229,Chicago,Toronto,107,97,"{""19"": [""-4 -110"", ""+4 -110""], ""93"": [""-3.5 -105"", ""+3.5 -105""], ""238"": [""-3.5 -110"", ""+3.5 +100""]}"
20061229,Boston,Golden State,100,110,"{""19"": [""+10 -110"", ""-10 -110""], ""93"": [""+9.5 -105"", ""-9.5 -105""], ""238"": [""+9.5 +104"", ""-9.5 -114""]}"
20061229,L.A. Lakers,Charlotte,105,105,"{""19"": [""-5 -110"", ""+5 -110""], ""93"": [""-5 -105"", ""+5 -105""], ""238"": [""-5 -103"", ""+5 -107""]}"
20061229,Indiana,Detroit,93,92,"{""19"": [""+6.5 -110"", ""-6.5 -110""], ""93"": [""+6.5 -105"", ""-6.5 -105""], ""238"": [""+6.5 -105"", ""-6.5 -105""]}"
20061229,Brooklyn,Miami,91,81,"{""19"": [""-4.5 -110"", ""+4.5 -110""], ""93"": [""-4 -110"", ""+4 +100""], ""238"": [""-4 -117"", ""+4 +107""]}"
20061229,Atlanta,Houston,68,94,"{""19"": [""+8.5 -110"", ""-8.5 -110""], ""93"": [""+8.5 -105"", ""-8.5 -105""], ""238"": [""+8.5 -108"", ""-8.5 -102""]}"
20061229,Philadelphia,Portland,98,95,"{""19"": [""+4 -110"", ""-4 -110""], ""93"": [""+4.5 -109"", ""-4.5 -101""], ""238"": [""+4.5 -105"", ""-4.5 -105""]}"
20061229,Orlando,Washington,111,112,"{""19"": [""+7 -110"", ""-7 -110""], ""93"": [""+7 -105"", ""-7 -115""], ""238"": [""+7 -104"", ""-7 -106""]}"
20061229,Sacramento,L.A. Clippers,93,102,"{""19"": [""+3 -110"", ""-3 -110""], ""93"": [""+3 -101"", ""-3 -109""], ""238"": [""+3 -105"", ""-3 -105""]}"
20061230,New Orleans,Dallas,80,94,"{""19"": [""+17.5 -110"", ""-17.5 -110""], ""93"": [""+18 -105"", ""-18 -105""], ""238"": [""+17.5 +105"", ""-17.5 -115""]}"
20061230,Golden State,Sacramento,96,119,"{""19"": [""+5 -110"", ""-5 -110""], ""93"": [""+5 -105"", ""-5 -105""], ""238"": [""+5 -104"", ""-5 -106""]}"
20061230,Toronto,Memphis,104,110,"{""19"": [""+5.5 -110"", ""-5.5 -110""], ""93"": [""+5.5 -101"", ""-5.5 -109""], ""238"": [""+5.5 -105"", ""-5.5 -105""]}"
20061230,Miami,Orlando,68,97,"{""19"": [""+10.5 -110"", ""-10.5 -110""], ""93"": [""+10.5 -110"", ""-10.5 -110""], ""238"": [""+10.5 -108"", ""-10.5 -102""]}"
20061230,Cleveland,Chicago,96,103,"{""19"": [""+5.5 -110"", ""-5.5 -110""], ""93"": [""+5.5 -105"", ""-5.5 -105""], ""238"": [""+5 -101"", ""-5 -109""]}"
20061230,Washington,Milwaukee,102,119,"{""19"": [""+4.5 -110"", ""-4.5 -110""], ""93"": [""+4.5 -105"", ""-4.5 -105""], ""238"": [""+4.5 -109"", ""-4.5 -101""]}"
20061230,Minnesota,Brooklyn,92,100,"{""19"": [""+2 -110"", ""-2 -110""], ""93"": [""-2 -105"", ""+2 -105""], ""238"": [""+2 -104"", ""-2 -106""]}"
20061230,Portland,Utah,86,96,"{""19"": [""+11 -110"", ""-11 -110""], ""93"": [""+11 -105"", ""-11 -105""], ""238"": [""+11 +101"", ""-11 -111""]}"
20061230,Charlotte,Indiana,113,102,"{""19"": [""+11 -110"", ""-11 -110""], ""93"": [""+10.5 -110"", ""-10.5 -110""], ""238"": [""+10.5 -105"", ""-10.5 -105""]}"
20061231,New York,L.A. Clippers,80,90,"{""19"": [""+6.5 -110"", ""-6.5 -110""], ""93"": [""+6.5 -110"", ""-6.5 -110""], ""238"": [""+6.5 -102"", ""-6.5 -108""]}"
20061231,Phoenix,Detroit,108,101,"{""19"": [""-6 -110"", ""+6 -110""], ""93"": [""-6.5 -110"", ""+6.5 -110""], ""238"": [""-5.5 -121"", ""+5.5 +111""]}"
20061231,Atlanta,San Antonio,81,95,"{""19"": [""+11.5 -110"", ""-11.5 -110""], ""93"": [""+12 -110"", ""-12 -110""], ""238"": [""+11.5 -110"", ""-11.5 +100""]}"
20061231,Memphis,Houston,109,111,"{""19"": [""+9 -110"", ""-9 -110""], ""93"": [""+9 -110"", ""-9 -110""], ""238"": [""+9 -110"", ""-9 +100""]}"
20070101,Minnesota,Charlotte,102,96,"{""19"": [""-3.5 -110"", ""+3.5 -110""], ""93"": [""-3 -105"", ""+3 -105""], ""238"": [""-3.5 -105"", ""+3.5 -105""]}"
20070101,Boston,Portland,89,81,"{""19"": [""+7 -110"", ""-7 -110""], ""93"": [""+7 -110"", ""-7 +100""], ""238"": [""+7 -113"", ""-7 +103""]}"
20070102,New York,Sacramento,100,112,"{""19"": [""+9.5 -110"", ""-9.5 -110""], ""93"": [""+9.5 -110"", ""-9.5 -110""], ""238"": [""+9.5 -102"", ""-9.5 -108""]}"
20070102,San Antonio,Cleveland,78,82,"{""19"": [""-3.5 -110"", ""+3.5 -110""], ""93"": [""+4 -101"", ""-4 -109""], ""238"": [""-3.5 -103"", ""+3.5 -107""]}"
20070102,L.A. Clippers,Orlando,86,91,"{""19"": [""+4.5 -110"", ""-4.5 -110""], ""93"": [""+4.5 -105"", ""-4.5 -105""], ""238"": [""+5 -120"", ""-5 +110""]}"
20070102,Phoenix,Chicago,97,96,"{""19"": [""-3.5 -110"", ""+3.5 -110""], ""93"": [""-3.5 -105"", ""+3.5 -105""], ""238"": [""-3.5 +100"", ""+3.5 -110""]}"
20070102,Philadelphia,Denver,108,97,"{""19"": [""+7 -110"", ""-7 -110""], ""93"": [""+6.5 -105"", ""-6.5 -105""], ""238"": [""+7 -113"", ""-7 +103""]}"
20070102,Golden State,New Orleans,97,89,"{""19"": [""-5 -110"", ""+5 -110""], ""93"": [""-5.5 -105"", ""+5.5 -105""], ""238"": [""-5 -113"", ""+5 +103""]}"
20070103,San Antonio,Minnesota,93,93,"{""19"": [""-4 -110"", ""+4 -110""], ""93"": [""-4 -105"", ""+4 -105""], ""238"": [""-4 +105"", ""+4 -115""]}"
20070103,Golden State,Memphis,135,144,"{""19"": [""+4 -110"", ""-4 -110""], ""93"": [""+4 -105"", ""-4 -105""], ""238"": [""+4 -107"", ""-4 -103""]}"
20070103,Milwaukee,Washington,105,108,"{""19"": [""+6.5 -110"", ""-6.5 -110""], ""93"": [""+6.5 -105"", ""-6.5 -105""], ""238"": [""+6.5 -103"", ""-6.5 -107""]}"
20070103,Cleveland,Boston,107,104,"{""19"": [""-3 -110"", ""+3 -110""], ""93"": [""-3 -105"", ""+3 -105""], ""238"": [""-3 -103"", ""+3 -107""]}"
20070103,L.A. Clippers,Miami,110,95,"{""19"": [""-3.5 -110"", ""+3.5 -110""], ""93"": [""-5.5 -110"", ""+5.5 -110""], ""238"": [""-5.5 -118"", ""+5.5 +108""]}"
20070103,Phoenix,Toronto,100,98,"{""19"": [""-6.5 -110"", ""+6.5 -110""], ""93"": [""-7 -110"", ""+7 -110""], ""238"": [""-6.5 -105"", ""+6.5 -105""]}"
20070103,New York,Portland,99,81,"{""19"": [""+6 -110"", ""-6 -110""], ""93"": [""+5.5 -105"", ""-5.5 -105""], ""238"": [""+6 -107"", ""-6 -103""]}"
20070103,Philadelphia,Utah,87,98,"{""19"": [""+11 -110"", ""-11 -110""], ""93"": [""+11 -110"", ""-11 -110""], ""238"": [""+11 -107"", ""-11 -103""]}"
20070104,Detroit,New Orleans,92,68,"{""19"": [""-8 -110"", ""+8 -110""], ""93"": [""-8 -105"", ""+8 -105""], ""238"": [""-8 -104"", ""+8 -106""]}"
20070104,L.A. Lakers,Sacramento,117,117,"{""19"": [""+4.5 -110"", ""-4.5 -110""], ""93"": [""+4.5 -105"", ""-4.5 -105""], ""238"": [""+5 -110"", ""-5 +100""]}"
20070104,Indiana,Dallas,91,100,"{""19"": [""+9 -110"", ""-9 -110""], ""93"": [""+8.5 -105"", ""-8.5 -105""], ""238"": [""+9 -114"", ""-9 +104""]}"
20070105,Boston,Memphis,128,119,"{""19"": [""+6.5 -110"", ""-6.5 -110""], ""93"": [""+6.5 -105"", ""-6.5 -105""], ""238"": [""+6.5 -105"", ""-6.5 -105""]}"
20070105,Cleveland,Milwaukee,95,86,"{""19"": [""+4 -110"", ""-4 -110""], ""93"": [""+4 -109"", ""-4 -101""], ""238"": [""+4 -107"", ""-4 -103""]}"
20070105,Atlanta,Toronto,92,105,"{""19"": [""+7.5 -110"", ""-7.5 -110""], ""93"": [""+7.5 -105"", ""-7.5 -105""], ""238"": [""+7.5 +100"", ""-7.5 -110""]}"
20070105,L.A. Clippers,Washington,105,116,"{""19"": [""+6 -110"", ""-6 -110""], ""93"": [""+6 -105"", ""-6 -105""], ""238"": [""+6 -110"", ""-6 +100""]}"
20070105,Philadelphia,Minnesota,96,96,"{""19"": [""+6.5 -110"", ""-6.5 -110""], ""93"": [""+6.5 -105"", ""-6.5 -105""], ""238"": [""+6.5 -110"", ""-6.5 +100""]}"
20070105,Utah,Houston,86,100,"{""19"": [""+3 -110"", ""-3 -110""], ""93"": [""+3 -107"", ""-3 -103""], ""238"": [""+3 -105"", ""-3 -105""]}"
20070105,Charlotte,Orlando,74,106,"{""19"": [""+8.5 -110"", ""-8.5 -110""], ""93"": [""+8.5 -105"", ""-8.5 -105""], ""238"": [""+8.5 -108"", ""-8.5 -102""]}"
20070105,Dallas,San Antonio,90,85,"{""19"": [""+6 -110"", ""-6 -110""], ""93"": [""-5.5 -105"", ""+5.5 -105""], ""238"": [""+5.5 -102"", ""-5.5 -108""]}"
20070105,Chicago,Brooklyn,86,91,"{""238"": [""-1 +105"", ""+1 -115""]}"
20070105,Miami,Phoenix,80,0,"{""19"": [""+19.5 -110"", ""-19.5 -110""], ""93"": [""+19.5 -105"", ""-19.5 -105""], ""238"": [""+19 +105"", ""-19 -115""]}"
20070105,Denver,L.A. Lakers,104,123,"{""19"": [""+6 -110"", ""-6 -110""], ""93"": [""-6 -105"", ""+6 -105""], ""238"": [""+6 +106"", ""-6 -116""]}"
20070106,Utah,Denver,96,84,"{""19"": [""-6 -110"", ""+6 -110""], ""93"": [""-3.5 -105"", ""+3.5 -105""], ""238"": [""-5.5 -107"", ""+5.5 -103""]}"
20070106,Indiana,New Orleans,100,93,"{""19"": [""-10 -110"", ""+10 -110""], ""93"": [""-10 -105"", ""+10 -105""], ""238"": [""-10 -102"", ""+10 -108""]}"
20070106,Detroit,Chicago,89,106,"{""19"": [""+5 -110"", ""-5 -110""], ""93"": [""+5 -105"", ""-5 -105""], ""238"": [""+4.5 +103"", ""-4.5 -113""]}"
20070106,Brooklyn,Cleveland,91,96,"{""19"": [""+6.5 -110"", ""-6.5 -110""], ""93"": [""+6.5 -110"", ""-6.5 +100""], ""238"": [""+6.5 -105"", ""-6.5 -105""]}"
20070106,L.A. Clippers,Atlanta,74,86,"{""19"": [""-4.5 -110"", ""+4.5 -110""], ""93"": [""-4.5 -105"", ""+4.5 -105""], ""238"": [""-4.5 -105"", ""+4.5 -105""]}"
20070106,Portland,Sacramento,95,95,"{""19"": [""+9.5 -110"", ""-9.5 -110""], ""93"": [""+8.5 -105"", ""-8.5 -115""], ""238"": [""+9 +101"", ""-9 -111""]}"
20070107,Golden State,Phoenix,105,128,"{""19"": [""+12 -110"", ""-12 -110""], ""93"": [""+12.5 -110"", ""-12.5 -110""], ""238"": [""+12.5 -114"", ""-12.5 +104""]}"
20070107,Boston,Orlando,79,87,"{""19"": [""+7.5 -110"", ""-7.5 -110""], ""93"": [""+7.5 -110"", ""-7.5 -110""], ""238"": [""+7.5 -114"", ""-7.5 +104""]}"
20070107,Houston,Minnesota,88,88,"{""19"": [""+3 -110"", ""-3 -110""], ""93"": [""+2.5 -110"", ""-2.5 -110""], ""238"": [""+3 -119"", ""-3 +109""]}"
20070107,Miami,Portland,93,90,"{""19"": [""+1.5 -110"", ""-1.5 -110""], ""93"": [""+1 -110"", ""-1 -110""], ""238"": [""+1 +101"", ""-1 -111""]}"
20070107,Washington,Toronto,111,116,"{""19"": [""+1.5 -110"", ""-1.5 -110""], ""93"": [""+1.5 -110"", ""-1.5 -110""], ""238"": [""+1.5 -105"", ""-1.5 -105""]}"
20070107,San Antonio,Memphis,110,96,"{""19"": [""-6.5 -110"", ""+6.5 -110""], ""93"": [""-6.5 -110"", ""+6.5 -110""], ""238"": [""-7 +111"", ""+7 -121""]}"
20070107,Dallas,L.A. Lakers,98,101,"{""19"": [""-2.5 -110"", ""+2.5 -110""], ""93"": [""-2.5 -110"", ""+2.5 -110""], ""238"": [""-2.5 +100"", ""+2.5 -110""]}"
20070108,L.A. Clippers,New Orleans,100,90,"{""19"": [""-6 -110"", ""+6 -110""], ""93"": [""-6 -105"", ""+6 -105""], ""238"": [""-6 -110"", ""+6 +100""]}"
20070108,Milwaukee,Denver,92,104,"{""19"": [""+4.5 -110"", ""-4.5 -110""], ""93"": [""+4.5 -105"", ""-4.5 -105""], ""238"": [""+4.5 -107"", ""-4.5 -103""]}"
20070108,Houston,Chicago,84,77,"{""19"": [""+7 -110"", ""-7 -110""], ""93"": [""+7 -105"", ""-7 -105""], ""238"": [""+6.5 +103"", ""-6.5 -113""]}"
20070109,L.A. Lakers,Memphis,118,128,"{""19"": [""-3 -110"", ""+3 -110""], ""93"": [""-3 -105"", ""+3 -115""], ""238"": [""-3 +101"", ""+3 -111""]}"
20070109,Toronto,Brooklyn,86,101,"{""19"": [""+4 -110"", ""-4 -110""], ""93"": [""+4 -105"", ""-4 -105""], ""238"": [""+4 -103"", ""-4 -107""]}"
20070109,Detroit,Philadelphia,98,89,"{""19"": [""-1 -110"", ""+1 -110""], ""238"": [""-1 +103"", ""+1 -113""]}"
20070109,Portland,San Antonio,84,98,"{""19"": [""+12.5 -110"", ""-12.5 -110""], ""93"": [""+12.5 -110"", ""-12.5 -110""], ""238"": [""+12.5 +103"", ""-12.5 -113""]}"
20070109,Dallas,Utah,108,105,"{""19"": [""-3 -110"", ""+3 -110""], ""93"": [""-2.5 -105"", ""+2.5 -105""], ""238"": [""-3 +104"", ""+3 -114""]}"
20070109,Cleveland,Sacramento,108,98,"{""19"": [""+3.5 -110"", ""-3.5 -110""], ""93"": [""-3.5 -105"", ""+3.5 -105""], ""238"": [""+3.5 +100"", ""-3.5 -110""]}"
20070109,Atlanta,Indiana,72,91,"{""19"": [""+9.5 -110"", ""-9.5 -110""], ""93"": [""+9.5 -110"", ""-9.5 -110""], ""238"": [""+9.5 -103"", ""-9.5 -107""]}"
20070110,San Antonio,Denver,92,83,"{""19"": [""-5 -110"", ""+5 -110""], ""93"": [""-5 -105"", ""+5 -105""], ""238"": [""-5 -106"", ""+5 -104""]}"
20070110,New Orleans,Atlanta,96,77,"{""19"": [""+5.5 -110"", ""-5.5 -110""], ""93"": [""+5.5 -101"", ""-5.5 -109""], ""238"": [""+5.5 +100"", ""-5.5 -110""]}"
20070110,L.A. Clippers,Minnesota,92,91,"{""19"": [""+5 -110"", ""-5 -110""], ""93"": [""+4.5 -102"", ""-4.5 -108""], ""238"": [""+5 -115"", ""-5 +105""]}"
20070110,Portland,Dallas,74,99,"{""19"": [""+12.5 -110"", ""-12.5 -110""], ""93"": [""+12.5 -110"", ""-12.5 -110""], ""238"": [""+13 -121"", ""-13 +111""]}"
20070110,Chicago,Washington,103,113,"{""19"": [""+4 -110"", ""-4 -110""], ""93"": [""+4 -101"", ""-4 -109""], ""238"": [""+4 +103"", ""-4 -113""]}"
20070110,Charlotte,Detroit,103,96,"{""19"": [""+9 -110"", ""-9 -110""], ""93"": [""+9 -102"", ""-9 -108""], ""238"": [""+9 +101"", ""-9 -111""]}"
20070110,L.A. Lakers,Houston,77,102,"{""19"": [""+4.5 -110"", ""-4.5 -110""], ""93"": [""+5 -105"", ""-5 -105""], ""238"": [""+5 -107"", ""-5 -103""]}"
20070110,Philadelphia,New York,99,106,"{""19"": [""+4.5 -110"", ""-4.5 -110""], ""93"": [""+4.5 -105"", ""-4.5 -105""], ""238"": [""+4 +102"", ""-4 -112""]}"
20070110,Orlando,Golden State,91,76,"{""19"": [""+3 -110"", ""-3 -110""], ""93"": [""+3 -105"", ""-3 -105""], ""238"": [""+3 -105"", ""-3 -105""]}"
20070110,Indiana,Boston,97,84,"{""19"": [""-2.5 -110"", ""+2.5 -110""], ""93"": [""-2.5 -105"", ""+2.5 -105""], ""238"": [""-2.5 -103"", ""+2.5 -107""]}"
20070110,Toronto,Milwaukee,90,77,"{""19"": [""-2 -110"", ""+2 -110""], ""93"": [""+2 -101"", ""-2 -109""], ""238"": [""-2 +101"", ""+2 -111""]}"
20070111,Cleveland,Phoenix,90,109,"{""19"": [""+9 -110"", ""-9 -110""], ""93"": [""-8.5 -105"", ""+8.5 -105""], ""238"": [""+8.5 -109"", ""-8.5 -101""]}"
20070111,Brooklyn,Chicago,86,83,"{""19"": [""+7 -110"", ""-7 -110""], ""93"": [""+7 -105"", ""-7 -105""], ""238"": [""+7 -107"", ""-7 -103""]}"
20070112,Orlando,L.A. Lakers,106,109,"{""19"": [""+4.5 -110"", ""-4.5 -110""], ""93"": [""+4.5 -105"", ""-4.5 -105""], ""238"": [""+4.5 -105"", ""-4.5 -105""]}"
20070112,Sacramento,Portland,87,95,"{""19"": [""-3 -110"", ""+3 -110""], ""93"": [""-3 -109"", ""+3 -101""], ""238"": [""-3 -111"", ""+3 +101""]}"
20070112,Minnesota,Memphis,116,110,"{""19"": [""+1.5 -110"", ""-1.5 -110""], ""93"": [""+1.5 -105"", ""-1.5 -105""], ""238"": [""+1.5 -105"", ""-1.5 -105""]}"
20070112,Charlotte,New York,126,110,"{""19"": [""+6.5 -110"", ""-6.5 -110""], ""93"": [""+6.5 -105"", ""-6.5 -105""], ""238"": [""+6.5 -108"", ""-6.5 -102""]}"
20070112,Miami,Golden State,118,96,"{""19"": [""+5.5 -110"", ""-5.5 -110""], ""93"": [""+6 -105"", ""-6 -105""], ""238"": [""+5.5 -102"", ""-5.5 -108""]}"
20070112,Houston,Denver,90,86,"{""19"": [""-2 -110"", ""+2 -110""], ""93"": [""-2 -101"", ""+2 -109""], ""238"": [""-2.5 +104"", ""+2.5 -114""]}"
20070112,Toronto,Boston,95,86,"{""19"": [""-6.5 -110"", ""+6.5 -110""], ""93"": [""-6.5 -109"", ""+6.5 -101""], ""238"": [""-6.5 -108"", ""+6.5 -102""]}"
20070112,Milwaukee,Philadelphia,97,110,"{""19"": [""+6 -110"", ""-6 -110""], ""93"": [""+6 -105"", ""-6 -105""], ""238"": [""+6.5 -107"", ""-6.5 -103""]}"
20070112,Dallas,Indiana,103,103,"{""19"": [""-4 -110"", ""+4 -110""], ""93"": [""-4 -105"", ""+4 -105""], ""238"": [""-4 +100"", ""+4 -110""]}"
20070112,Detroit,Atlanta,93,99,"{""19"": [""-8 -110"", ""+8 -110""], ""93"": [""-8 -105"", ""+8 -105""], ""238"": [""-7.5 -113"", ""+7.5 +103""]}"
20070112,Washington,New Orleans,97,104,"{""19"": [""-7.5 -110"", ""+7.5 -110""], ""93"": [""-7.5 -105"", ""+7.5 -105""], ""238"": [""-7.5 -109"", ""+7.5 -101""]}"
20070113,Boston,Detroit,73,81,"{""19"": [""+12 -110"", ""-12 -110""], ""93"": [""+11.5 -110"", ""-11.5 -110""], ""238"": [""+12.5 -118"", ""-12.5 +108""]}"
20070113,Washington,San Antonio,80,93,"{""19"": [""+9.5 -110"", ""-9.5 -110""], ""93"": [""+9.5 -105"", ""-9.5 -105""], ""238"": [""+9.5 +100"", ""-9.5 -110""]}"
20070113,Memphis,Chicago,66,111,"{""19"": [""+8 -110"", ""-8 -110""], ""93"": [""+7.5 -110"", ""-7.5 -110""], ""238"": [""+8 -110"", ""-8 +100""]}"
20070113,Philadelphia,Charlotte,83,89,"{""19"": [""+3 -110"", ""-3 -110""], ""93"": [""+3 -105"", ""-3 -115""], ""238"": [""+3.5 -110"", ""-3.5 +100""]}"
20070113,Houston,Sacramento,101,101,"{""19"": [""+2 -110"", ""-2 -110""], ""93"": [""-2 -101"", ""+2 -109""], ""238"": [""+2.5 -111"", ""-2.5 +101""]}"
20070113,Miami,Utah,119,110,"{""19"": [""+8 -110"", ""-8 -110""], ""93"": [""+8 -105"", ""-8 -105""], ""238"": [""+7.5 +101"", ""-7.5 -111""]}"
20070113,Orlando,Phoenix,101,107,"{""19"": [""+11 -110"", ""-11 -110""], ""93"": [""+11.5 -110"", ""-11.5 -110""], ""238"": [""+11.5 -113"", ""-11.5 +103""]}"
20070113,Cleveland,L.A. Clippers,104,92,"{""19"": [""+3 -110"", ""-3 -110""], ""93"": [""+3 -105"", ""-3 -105""], ""238"": [""+3 -106"", ""-3 -104""]}"
20070113,Brooklyn,Minnesota,98,109,"{""19"": [""+3.5 -110"", ""-3.5 -110""], ""93"": [""+3.5 -105"", ""-3.5 -105""], ""238"": [""+4 -108"", ""-4 -102""]}"
20070114,Denver,Portland,109,93,"{""19"": [""+1 -110"", ""-1 -110""], ""93"": [""-1 -105"", ""+1 -105""], ""238"": [""+1 +100"", ""-1 -110""]}"
20070114,Dallas,Toronto,97,96,"{""19"": [""-4.5 -110"", ""+4.5 -110""], ""93"": [""-4.5 -105"", ""+4.5 -105""], ""238"": [""-5 +101"", ""+5 -111""]}"
20070115,Indiana,Brooklyn,95,105,"{""19"": [""+2.5 -110"", ""-2.5 -110""], ""93"": [""-2 -101"", ""+2 -109""], ""238"": [""+2.5 -105"", ""-2.5 -105""]}"
20070115,L.A. Clippers,Golden State,93,108,"{""19"": [""+2 -110"", ""-2 -110""], ""93"": [""+2 -105"", ""-2 -105""], ""238"": [""+2.5 -107"", ""-2.5 -103""]}"
20070115,Boston,Atlanta,96,100,"{""19"": [""+5.5 -110"", ""-5.5 -110""], ""93"": [""+5.5 -105"", ""-5.5 -105""], ""238"": [""+5.5 +105"", ""-5.5 -115""]}"
20070115,San Antonio,Chicago,87,99,"{""19"": [""-4 -110"", ""+4 -110""], ""93"": [""-4 -105"", ""+4 -105""], ""238"": [""-4 -108"", ""+4 -102""]}"
20070115,Milwaukee,Charlotte,99,91,"{""19"": [""+5 -110"", ""-5 -110""], ""93"": [""+5 -105"", ""-5 -105""], ""238"": [""+5 -105"", ""-5 -105""]}"
20070115,Utah,Washington,111,114,"{""19"": [""+3 -110"", ""-3 -110""], ""93"": [""+3 -105"", ""-3 -105""], ""238"": [""+3 -111"", ""-3 +101""]}"
20070115,Toronto,Philadelphia,104,86,"{""19"": [""-1 -110"", ""+1 -110""], ""93"": [""+1 -105"", ""-1 -105""], ""238"": [""-1 -115"", ""+1 +105""]}"
20070115,Minnesota,Detroit,79,79,"{""19"": [""+3 -110"", ""-3 -110""], ""93"": [""+3 -108"", ""-3 -102""], ""238"": [""+3 -121"", ""-3 +111""]}"
20070115,Sacramento,New York,97,102,"{""19"": [""+1 -110"", ""-1 -110""], ""93"": [""+1 -105"", ""-1 -105""], ""238"": [""+1 -102"", ""-1 -108""]}"
20070115,Miami,L.A. Lakers,110,110,"{""19"": [""+6.5 -110"", ""-6.5 -110""], ""93"": [""+6.5 -109"", ""-6.5 -101""], ""238"": [""+6.5 -106"", ""-6.5 -104""]}"
20070115,Phoenix,Memphis,137,122,"{""19"": [""-9 -110"", ""+9 -110""], ""93"": [""-9 -101"", ""+9 -109""], ""238"": [""-9 +103"", ""+9 -113""]}"
20070116,Orlando,New Orleans,75,75,"{""19"": [""-6.5 -110"", ""+6.5 -110""], ""93"": [""-6.5 -105"", ""+6.5 -105""], ""238"": [""-6.5 -110"", ""+6.5 +100""]}"
20070116,Houston,Dallas,96,109,"{""19"": [""+8 -110"", ""-8 -110""], ""93"": [""+7.5 -101"", ""-7.5 -109""], ""238"": [""+7.5 +103"", ""-7.5 -113""]}"
20070117,Golden State,L.A. Clippers,109,115,"{""19"": [""+10 -110"", ""-10 -110""], ""93"": [""+10 -110"", ""-10 -110""], ""238"": [""+9.5 -104"", ""-9.5 -106""]}"
20070117,L.A. Lakers,San Antonio,100,96,"{""19"": [""+9 -110"", ""-9 -110""], ""93"": [""+9 -105"", ""-9 -105""], ""238"": [""+9 +104"", ""-9 -114""]}"
20070117,Philadelphia,Memphis,102,118,"{""19"": [""+4.5 -110"", ""-4.5 -110""], ""93"": [""+5 -105"", ""-5 -105""], ""238"": [""+4.5 -106"", ""-4.5 -104""]}"
20070117,Brooklyn,Charlotte,92,85,"{""19"": [""-4.5 -110"", ""+4.5 -110""], ""93"": [""+4 -109"", ""-4 -101""], ""238"": [""-4 -115"", ""+4 +105""]}"
20070117,Atlanta,Minnesota,105,88,"{""19"": [""+9 -110"", ""-9 -110""], ""93"": [""+9 -105"", ""-9 -105""], ""238"": [""+9 -104"", ""-9 -106""]}"
20070117,Sacramento,Toronto,85,101,"{""19"": [""+4 -110"", ""-4 -110""], ""93"": [""+4 -105"", ""-4 -105""], ""238"": [""+4.5 -115"", ""-4.5 +105""]}"
20070117,Utah,Detroit,100,99,"{""19"": [""+3 -110"", ""-3 -110""], ""93"": [""+3 -110"", ""-3 -110""], ""238"": [""+3 -105"", ""-3 -105""]}"
20070117,Cleveland,Portland,76,94,"{""19"": [""-3 -110"", ""+3 -110""], ""93"": [""-3 -105"", ""+3 -105""], ""238"": [""-3 -107"", ""+3 -103""]}"
20070117,New York,Washington,98,99,"{""19"": [""+8 -110"", ""-8 -110""], ""93"": [""+8 -105"", ""-8 -105""], ""238"": [""+8 -110"", ""-8 +100""]}"
20070117,Chicago,Milwaukee,99,90,"{""19"": [""-5 -110"", ""+5 -110""], ""93"": [""-5 -105"", ""+5 -105""], ""238"": [""-5.5 +105"", ""+5.5 -115""]}"
20070117,Phoenix,Houston,100,91,"{""19"": [""-8.5 -110"", ""+8.5 -110""], ""93"": [""-8.5 -105"", ""+8.5 -105""], ""238"": [""-8.5 -101"", ""+8.5 -109""]}"
20070118,Indiana,Miami,101,104,"{""19"": [""+8 -110"", ""-8 -110""], ""93"": [""+8 -110"", ""-8 -110""], ""238"": [""+8 -109"", ""-8 -101""]}"
20070118,L.A. Lakers,Dallas,95,114,"{""19"": [""+10 -110"", ""-10 -110""], ""93"": [""+10 -110"", ""-10 -110""], ""238"": [""+10 -104"", ""-10 -106""]}"
20070119,Sacramento,Boston,96,91,"{""19"": [""-4.5 -110"", ""+4.5 -110""], ""93"": [""-4.5 -105"", ""+4.5 -105""], ""238"": [""-4.5 -110"", ""+4.5 +100""]}"
20070119,Detroit,Minnesota,79,79,"{""19"": [""-1.5 -110"", ""+1.5 -110""], ""93"": [""-1.5 -105"", ""+1.5 -105""], ""238"": [""-1.5 +100"", ""+1.5 -110""]}"
20070119,Brooklyn,New York,101,100,"{""19"": [""-2.5 -110"", ""+2.5 -110""], ""93"": [""-3 -105"", ""+3 -105""], ""238"": [""-3 +105"", ""+3 -115""]}"
20070119,Cleveland,Denver,99,110,"{""19"": [""+1 -110"", ""-1 -110""], ""93"": [""-1 -105"", ""+1 -105""], ""238"": [""+1 -106"", ""-1 -104""]}"
20070119,Charlotte,Atlanta,96,75,"{""19"": [""+5.5 -110"", ""-5.5 -110""], ""93"": [""+5.5 -105"", ""-5.5 -105""], ""238"": [""+5.5 +101"", ""-5.5 -111""]}"
20070119,Miami,Philadelphia,89,89,"{""19"": [""-2.5 -110"", ""+2.5 -110""], ""93"": [""-2.5 -101"", ""+2.5 -109""], ""238"": [""-2.5 +101"", ""+2.5 -111""]}"
20070119,Utah,Toronto,102,94,"{""19"": [""+2 -110"", ""-2 -110""], ""93"": [""+1.5 -101"", ""-1.5 -109""], ""238"": [""+2 -106"", ""-2 -104""]}"
20070119,Portland,Phoenix,101,106,"{""19"": [""+14.5 -110"", ""-14.5 -110""], ""93"": [""+14.5 -105"", ""-14.5 -105""], ""238"": [""+14.5 -106"", ""-14.5 -104""]}"
20070119,Washington,Orlando,114,93,"{""19"": [""+4 -110"", ""-4 -110""], ""93"": [""+4 -105"", ""-4 -105""], ""238"": [""+4 -104"", ""-4 -106""]}"
20070119,New Orleans,San Antonio,86,99,"{""19"": [""+15.5 -110"", ""-15.5 -110""], ""93"": [""+15.5 -110"", ""-15.5 -110""], ""238"": [""+15.5 -102"", ""-15.5 -108""]}"
20070120,L.A. Lakers,New Orleans,103,113,"{""19"": [""-6.5 -110"", ""+6.5 -110""], ""93"": [""-6.5 -105"", ""+6.5 -105""], ""238"": [""-6 -105"", ""+6 -105""]}"
20070120,Sacramento,Detroit,74,91,"{""19"": [""+6.5 -110"", ""-6.5 -110""], ""93"": [""+6.5 -105"", ""-6.5 -105""], ""238"": [""+6.5 -112"", ""-6.5 +102""]}"
20070120,Boston,Washington,102,102,"{""19"": [""+11 -110"", ""-11 -110""], ""93"": [""+11 -110"", ""-11 -110""], ""238"": [""+11.5 -121"", ""-11.5 +111""]}"
20070120,Orlando,Brooklyn,94,101,"{""19"": [""+5 -110"", ""-5 -110""], ""93"": [""+4.5 -105"", ""-4.5 -105""], ""238"": [""+4.5 -111"", ""-4.5 +101""]}"
20070120,Memphis,L.A. Clippers,91,112,"{""19"": [""+6.5 -110"", ""-6.5 -110""], ""93"": [""+6 -102"", ""-6 -108""], ""238"": [""+6.5 -107"", ""-6.5 -103""]}"
20070120,Denver,Houston,108,108,"{""19"": [""+7 -110"", ""-7 -110""], ""93"": [""+7 -102"", ""-7 -108""], ""238"": [""+7 -104"", ""-7 -106""]}"
20070120,Atlanta,Charlotte,85,104,"{""19"": [""+1 -110"", ""-1 -110""], ""93"": [""-1 -105"", ""+1 -105""], ""238"": [""+1.5 -116"", ""-1.5 +106""]}"
20070120,Utah,Chicago,95,85,"{""19"": [""+6.5 -110"", ""-6.5 -110""], ""93"": [""+6.5 -105"", ""-6.5 -105""], ""238"": [""+6.5 -110"", ""-6.5 +100""]}"
20070120,New York,Indiana,108,106,"{""19"": [""+6.5 -110"", ""-6.5 -110""], ""93"": [""+6.5 -105"", ""-6.5 -105""], ""238"": [""+6.5 -105"", ""-6.5 -105""]}"
20070120,Cleveland,Golden State,98,98,"{""19"": [""+1.5 -110"", ""-1.5 -110""], ""93"": [""-1 -105"", ""+1 -105""], ""238"": [""+1 -107"", ""-1 -103""]}"
20070121,Milwaukee,Portland,95,99,"{""19"": [""+5.5 -110"", ""-5.5 -110""], ""93"": [""-5.5 -105"", ""+5.5 -105""], ""238"": [""+5.5 -104"", ""-5.5 -106""]}"
20070121,Dallas,Miami,99,93,"{""19"": [""-6 -110"", ""+6 -110""], ""93"": [""-6 -105"", ""+6 -105""], ""238"": [""-6 -103"", ""+6 -107""]}"
20070121,Minnesota,Phoenix,102,131,"{""19"": [""+16.5 -110"", ""-16.5 -110""], ""93"": [""+16.5 -105"", ""-16.5 -105""], ""238"": [""+16.5 +102"", ""-16.5 -112""]}"
20070121,San Antonio,Philadelphia,99,85,"{""19"": [""-9 -110"", ""+9 -110""], ""93"": [""+9 -105"", ""-9 -105""], ""238"": [""-9 -102"", ""+9 -108""]}"
20070122,New York,Miami,83,101,"{""19"": [""-1 -110"", ""+1 -110""], ""93"": [""-1 -110"", ""+1 -110""], ""238"": [""-1 -113"", ""+1 +103""]}"
20070122,Memphis,Denver,98,115,"{""19"": [""+12 -110"", ""-12 -110""], ""93"": [""+12 -110"", ""-12 -110""], ""238"": [""+12 -103"", ""-12 -107""]}"
20070122,Chicago,Indiana,91,98,"{""19"": [""+2 -110"", ""-2 -110""], ""93"": [""+2 -110"", ""-2 -110""], ""238"": [""+2 -102"", ""-2 -108""]}"
20070122,Golden State,L.A. Lakers,103,108,"{""19"": [""+7 -110"", ""-7 -110""], ""93"": [""+7.5 -110"", ""-7.5 -110""], ""238"": [""+7.5 -114"", ""-7.5 +104""]}"
20070122,Charlotte,Toronto,84,105,"{""19"": [""+8.5 -110"", ""-8.5 -110""], ""93"": [""+8.5 -110"", ""-8.5 -110""], ""238"": [""+8.5 +101"", ""-8.5 -111""]}"
20070122,Minnesota,Utah,91,106,"{""19"": [""+7 -110"", ""-7 -110""], ""93"": [""+7 -110"", ""-7 -110""], ""238"": [""+7 -113"", ""-7 +103""]}"
20070122,Brooklyn,Sacramento,87,88,"{""19"": [""+4.5 -110"", ""-4.5 -110""], ""93"": [""+5 -110"", ""-5 -110""], ""238"": [""+5 -114"", ""-5 +104""]}"
20070122,Orlando,Cleveland,90,79,"{""19"": [""+4.5 -110"", ""-4.5 -110""], ""93"": [""+4.5 -110"", ""-4.5 -110""], ""238"": [""+4.5 +103"", ""-4.5 -113""]}"
20070122,San Antonio,Boston,93,89,"{""19"": [""-9 -110"", ""+9 -110""], ""93"": [""-9 -110"", ""+9 -110""], ""238"": [""-9 +100"", ""+9 -110""]}"
20070123,Dallas,Orlando,111,95,"{""19"": [""-6 -110"", ""+6 -110""], ""93"": [""-5.5 -110"", ""+5.5 -110""], ""238"": [""-5.5 -109"", ""+5.5 -101""]}"
20070123,Atlanta,Chicago,86,94,"{""19"": [""+9.5 -110"", ""-9.5 -110""], ""93"": [""+9.5 -110"", ""-9.5 -110""], ""238"": [""+9.5 -108"", ""-9.5 -102""]}"
20070123,New Orleans,Philadelphia,96,102,"{""19"": [""+3 -110"", ""-3 -110""], ""93"": [""+3 -110"", ""-3 -110""], ""238"": [""+3 -104"", ""-3 -106""]}"
20070123,Phoenix,Washington,127,105,"{""19"": [""-4.5 -110"", ""+4.5 -110""], ""93"": [""-4.5 -110"", ""+4.5 -110""], ""238"": [""-4.5 +102"", ""+4.5 -112""]}"
20070123,Milwaukee,L.A. Clippers,96,115,"{""19"": [""+10 -110"", ""-10 -110""], ""93"": [""+10 -110"", ""-10 -110""], ""238"": [""+9.5 -101"", ""-9.5 -109""]}"
20070124,Minnesota,Portland,87,87,"{""19"": [""-2 -110"", ""+2 -110""], ""93"": [""-2 -110"", ""+2 -110""], ""238"": [""-2 -103"", ""+2 -107""]}"
20070124,New Orleans,Toronto,88,90,"{""19"": [""+8 -110"", ""-8 -110""], ""93"": [""+8.5 -110"", ""-8.5 -110""], ""238"": [""+8.5 -116"", ""-8.5 +106""]}"
20070124,Miami,Indiana,87,87,"{""19"": [""+3 -110"", ""-3 -110""], ""93"": [""+3 -110"", ""-3 -110""], ""238"": [""+2.5 +104"", ""-2.5 -114""]}"
20070124,Philadelphia,Cleveland,92,92,"{""19"": [""+11.5 -110"", ""-11.5 -110""], ""93"": [""+11.5 -110"", ""-11.5 -110""], ""238"": [""+11 +106"", ""-11 -116""]}"
20070124,Atlanta,Boston,82,76,"{""19"": [""+4.5 -110"", ""-4.5 -110""], ""93"": [""+4 -110"", ""-4 -110""], ""238"": [""+4.5 +100"", ""-4.5 -110""]}"
20070124,Detroit,Charlotte,103,92,"{""19"": [""-7 -110"", ""+7 -110""], ""93"": [""-7 -110"", ""+7 -110""], ""238"": [""-7 -103"", ""+7 -107""]}"
20070124,Phoenix,New York,112,107,"{""19"": [""-9 -110"", ""+9 -110""], ""93"": [""-9 -110"", ""+9 -110""], ""238"": [""-9 +105"", ""+9 -115""]}"
20070124,Houston,San Antonio,90,85,"{""19"": [""+8.5 -110"", ""-8.5 -110""], ""93"": [""+8.5 -110"", ""-8.5 -110""], ""238"": [""+8 +103"", ""-8 -113""]}"
20070124,Milwaukee,Sacramento,106,114,"{""19"": [""+10 -110"", ""-10 -110""], ""93"": [""+10 -110"", ""-10 -110""], ""238"": [""+10 +103"", ""-10 -113""]}"
20070124,Memphis,Utah,118,118,"{""19"": [""+11 -110"", ""-11 -110""], ""93"": [""+11 -110"", ""-11 -110""], ""238"": [""+11.5 -110"", ""-11.5 +100""]}"
20070124,Brooklyn,Golden State,109,110,"{""19"": [""+5 -110"", ""-5 -110""], ""93"": [""+5 -110"", ""-5 -110""], ""238"": [""+5 -108"", ""-5 -102""]}"
20070125,Brooklyn,L.A. Clippers,101,102,"{""19"": [""+6.5 -110"", ""-6.5 -110""], ""93"": [""+6.5 -110"", ""-6.5 -110""], ""238"": [""+6.5 +103"", ""-6.5 -113""]}"
20070125,Dallas,Chicago,85,96,"{""19"": [""-3.5 -110"", ""+3.5 -110""], ""93"": [""-3.5 -110"", ""+3.5 -110""], ""238"": [""-4 +104"", ""+4 -114""]}"
20070126,Phoenix,Milwaukee,98,90,"{""19"": [""-11 -110"", ""+11 -110""], ""93"": [""-11.5 -110"", ""+11.5 -110""], ""238"": [""-11.5 +107"", ""+11.5 -117""]}"
20070126,Memphis,San Antonio,96,112,"{""19"": [""+14 -110"", ""-14 -110""], ""93"": [""+14.5 -110"", ""-14.5 -110""], ""238"": [""+14 +111"", ""-14 -121""]}"
20070126,Portland,Houston,69,99,"{""19"": [""+9.5 -110"", ""-9.5 -110""], ""93"": [""+9 -110"", ""-9 -110""], ""238"": [""+9.5 -118"", ""-9.5 +108""]}"
20070126,Atlanta,Orlando,93,90,"{""19"": [""+9.5 -110"", ""-9.5 -110""], ""93"": [""+9.5 -110"", ""-9.5 -110""], ""238"": [""+9 -101"", ""-9 -109""]}"
20070126,Charlotte,L.A. Lakers,91,91,"{""19"": [""+11.5 -110"", ""-11.5 -110""], ""93"": [""+11.5 -110"", ""-11.5 -110""], ""238"": [""+11 +105"", ""-11 -115""]}"
20070126,Denver,Utah,111,116,"{""19"": [""+2.5 -110"", ""-2.5 -110""], ""93"": [""+3 -110"", ""-3 -110""], ""238"": [""+2.5 -102"", ""-2.5 -108""]}"
20070126,Boston,Toronto,90,96,"{""19"": [""+8 -110"", ""-8 -110""], ""93"": [""+8 -110"", ""-8 -110""], ""238"": [""+8.5 -115"", ""-8.5 +105""]}"
20070126,Cleveland,Philadelphia,105,97,"{""19"": [""+1 -110"", ""-1 -110""], ""238"": [""+1 -108"", ""-1 -102""]}"
20070126,Miami,New York,96,116,"{""19"": [""-4 -110"", ""+4 -110""], ""93"": [""-4 -110"", ""+4 -110""], ""238"": [""-4 -108"", ""+4 -102""]}"
20070126,Sacramento,New Orleans,84,88,"{""19"": [""+1 -110"", ""-1 -110""], ""93"": [""-1 -110"", ""+1 -110""], ""238"": [""+1 -108"", ""-1 -102""]}"
20070126,Washington,Detroit,99,96,"{""19"": [""+5 -110"", ""-5 -110""], ""93"": [""+5 -110"", ""-5 -110""], ""238"": [""+5.5 -106"", ""-5.5 -104""]}"
20070127,Toronto,Indiana,84,102,"{""19"": [""+6.5 -110"", ""-6.5 -110""], ""93"": [""+7 -110"", ""-7 -110""], ""238"": [""+6.5 -105"", ""-6.5 -105""]}"
20070127,Philadelphia,Atlanta,104,89,"{""19"": [""+4.5 -110"", ""-4.5 -110""], ""93"": [""+5 -110"", ""-5 -110""], ""238"": [""+4.5 -102"", ""-4.5 -108""]}"
20070127,Minnesota,L.A. Clippers,101,87,"{""19"": [""+6.5 -110"", ""-6.5 -110""], ""93"": [""+6.5 -110"", ""-6.5 -110""], ""238"": [""+6.5 -105"", ""-6.5 -105""]}"
20070127,Portland,Memphis,111,111,"{""19"": [""+4.5 -110"", ""-4.5 -110""], ""93"": [""+4.5 -110"", ""-4.5 -110""], ""238"": [""+4.5 -102"", ""-4.5 -108""]}"
20070127,Utah,New Orleans,83,94,"{""19"": [""-2.5 -110"", ""+2.5 -110""], ""93"": [""-2.5 -110"", ""+2.5 -110""], ""238"": [""-2.5 -107"", ""+2.5 -103""]}"
20070127,Charlotte,Golden State,105,131,"{""19"": [""+9 -110"", ""-9 -110""], ""93"": [""+9.5 -110"", ""-9.5 -110""], ""238"": [""+9 -104"", ""-9 -106""]}"
20070127,Brooklyn,Denver,112,102,"{""19"": [""+7 -110"", ""-7 -110""], ""93"": [""+7 -110"", ""-7 -110""], ""238"": [""+7 -102"", ""-7 -108""]}"
20070127,Sacramento,Dallas,104,106,"{""19"": [""+11.5 -110"", ""-11.5 -110""], ""93"": [""+11.5 -110"", ""-11.5 -110""], ""238"": [""+12 -113"", ""-12 +103""]}"
20070127,Miami,Chicago,97,100,"{""19"": [""+7 -110"", ""-7 -110""], ""93"": [""+7 -110"", ""-7 -110""], ""238"": [""+7 +102"", ""-7 -112""]}"
20070128,New York,Milwaukee,105,107,"{""19"": [""+2 -110"", ""-2 -110""], ""93"": [""+2 -110"", ""-2 -110""], ""238"": [""+1.5 +105"", ""-1.5 -115""]}"
20070128,Indiana,Detroit,87,95,"{""19"": [""+7.5 -110"", ""-7.5 -110""], ""93"": [""+7.5 -110"", ""-7.5 -110""], ""238"": [""+7.5 -111"", ""-7.5 +101""]}"
20070128,Washington,Boston,105,91,"{""19"": [""-5.5 -110"", ""+5.5 -110""], ""93"": [""-5.5 -110"", ""+5.5 -110""], ""238"": [""-5 -110"", ""+5 +100""]}"
20070128,Phoenix,Cleveland,115,100,"{""19"": [""-5 -110"", ""+5 -110""], ""93"": [""-5 -110"", ""+5 -110""], ""238"": [""-5 -101"", ""+5 -109""]}"
20070128,San Antonio,L.A. Lakers,80,80,"{""19"": [""-3.5 -110"", ""+3.5 -110""], ""93"": [""-3.5 -110"", ""+3.5 -110""], ""238"": [""-3 -120"", ""+3 +110""]}"
